trace,mode,include_hit_miss,include_cache,include_candidate,include_topk,include_avgtopk,include_request,rl_state_use_missratio,miss_ratio,byte_miss_ratio,throughput_mqps,exit_code,run_timestamp,base_config
1063,"compound=0,irt=0",0,0,0,0,0,0,1,0.368753,0.350852,0.01,0,bestcfg_statecombo_3t_3m_20260207_000001__1063__c001_001_r01,LOH_SCORE_USE_COMPOUND=0 LOH_SCORE_USE_IRT=0 LOH_USE_SOFTMAX=0 LOH_USE_HEURISTIC_SIGNS=0
1063,"compound=0,irt=0",0,0,0,0,0,0,0,NA,NA,NA,143,bestcfg_statecombo_3t_3m_20260207_000001__1063__c001_002_r01,LOH_SCORE_USE_COMPOUND=0 LOH_SCORE_USE_IRT=0 LOH_USE_SOFTMAX=0 LOH_USE_HEURISTIC_SIGNS=0
1063,"compound=0,irt=0",0,0,0,1,0,0,1,0.372486,0.357297,0.01,0,bestcfg_statecombo_3t_3m_20260207_000001__1063__c002_001_r01,LOH_SCORE_USE_COMPOUND=0 LOH_SCORE_USE_IRT=0 LOH_USE_SOFTMAX=0 LOH_USE_HEURISTIC_SIGNS=0
1063,"compound=0,irt=0",0,0,0,1,0,0,0,0.372624,0.355213,0.01,0,bestcfg_statecombo_3t_3m_20260207_000001__1063__c002_002_r01,LOH_SCORE_USE_COMPOUND=0 LOH_SCORE_USE_IRT=0 LOH_USE_SOFTMAX=0 LOH_USE_HEURISTIC_SIGNS=0
1063,"compound=0,irt=0",0,0,0,0,1,0,1,0.369503,0.352132,0.01,0,bestcfg_statecombo_3t_3m_20260207_000001__1063__c003_001_r01,LOH_SCORE_USE_COMPOUND=0 LOH_SCORE_USE_IRT=0 LOH_USE_SOFTMAX=0 LOH_USE_HEURISTIC_SIGNS=0
1063,"compound=0,irt=0",0,0,0,0,1,0,0,0.369732,0.353391,0.01,0,bestcfg_statecombo_3t_3m_20260207_000001__1063__c003_002_r01,LOH_SCORE_USE_COMPOUND=0 LOH_SCORE_USE_IRT=0 LOH_USE_SOFTMAX=0 LOH_USE_HEURISTIC_SIGNS=0
1063,"compound=0,irt=0",0,0,0,0,0,1,1,0.369283,0.352458,0.01,0,bestcfg_statecombo_3t_3m_20260207_000001__1063__c004_001_r01,LOH_SCORE_USE_COMPOUND=0 LOH_SCORE_USE_IRT=0 LOH_USE_SOFTMAX=0 LOH_USE_HEURISTIC_SIGNS=0
1063,"compound=0,irt=0",0,0,0,0,0,1,0,0.366116,0.349774,0.01,0,bestcfg_statecombo_3t_3m_20260207_000001__1063__c004_002_r01,LOH_SCORE_USE_COMPOUND=0 LOH_SCORE_USE_IRT=0 LOH_USE_SOFTMAX=0 LOH_USE_HEURISTIC_SIGNS=0
1063,"compound=0,irt=0",0,0,0,1,0,1,1,0.370272,0.353468,0.01,0,bestcfg_statecombo_3t_3m_20260207_000001__1063__c005_001_r01,LOH_SCORE_USE_COMPOUND=0 LOH_SCORE_USE_IRT=0 LOH_USE_SOFTMAX=0 LOH_USE_HEURISTIC_SIGNS=0
1063,"compound=0,irt=0",0,0,0,1,0,1,0,0.367482,0.351647,0.01,0,bestcfg_statecombo_3t_3m_20260207_000001__1063__c005_002_r01,LOH_SCORE_USE_COMPOUND=0 LOH_SCORE_USE_IRT=0 LOH_USE_SOFTMAX=0 LOH_USE_HEURISTIC_SIGNS=0
1063,"compound=0,irt=0",0,0,0,0,1,1,1,0.366514,0.350334,0.01,0,bestcfg_statecombo_3t_3m_20260207_000001__1063__c006_001_r01,LOH_SCORE_USE_COMPOUND=0 LOH_SCORE_USE_IRT=0 LOH_USE_SOFTMAX=0 LOH_USE_HEURISTIC_SIGNS=0
1063,"compound=0,irt=0",0,0,0,0,1,1,0,0.368388,0.350683,0.01,0,bestcfg_statecombo_3t_3m_20260207_000001__1063__c006_002_r01,LOH_SCORE_USE_COMPOUND=0 LOH_SCORE_USE_IRT=0 LOH_USE_SOFTMAX=0 LOH_USE_HEURISTIC_SIGNS=0
1063,"compound=0,irt=0",0,0,1,0,0,0,1,0.367053,0.350493,0.01,0,bestcfg_statecombo_3t_3m_20260207_000001__1063__c007_001_r01,LOH_SCORE_USE_COMPOUND=0 LOH_SCORE_USE_IRT=0 LOH_USE_SOFTMAX=0 LOH_USE_HEURISTIC_SIGNS=0
1063,"compound=0,irt=0",0,0,1,0,0,0,0,0.367910,0.349238,0.01,0,bestcfg_statecombo_3t_3m_20260207_000001__1063__c007_002_r01,LOH_SCORE_USE_COMPOUND=0 LOH_SCORE_USE_IRT=0 LOH_USE_SOFTMAX=0 LOH_USE_HEURISTIC_SIGNS=0
1063,"compound=0,irt=0",0,0,1,1,0,0,1,0.368611,0.351882,0.01,0,bestcfg_statecombo_3t_3m_20260207_000001__1063__c008_001_r01,LOH_SCORE_USE_COMPOUND=0 LOH_SCORE_USE_IRT=0 LOH_USE_SOFTMAX=0 LOH_USE_HEURISTIC_SIGNS=0
1063,"compound=0,irt=0",0,0,1,1,0,0,0,0.372709,0.355598,0.01,0,bestcfg_statecombo_3t_3m_20260207_000001__1063__c008_002_r01,LOH_SCORE_USE_COMPOUND=0 LOH_SCORE_USE_IRT=0 LOH_USE_SOFTMAX=0 LOH_USE_HEURISTIC_SIGNS=0
1063,"compound=0,irt=0",0,0,1,0,1,0,1,0.369316,0.352289,0.01,0,bestcfg_statecombo_3t_3m_20260207_000001__1063__c009_001_r01,LOH_SCORE_USE_COMPOUND=0 LOH_SCORE_USE_IRT=0 LOH_USE_SOFTMAX=0 LOH_USE_HEURISTIC_SIGNS=0
1063,"compound=0,irt=0",0,0,1,0,1,0,0,0.369344,0.354289,0.01,0,bestcfg_statecombo_3t_3m_20260207_000001__1063__c009_002_r01,LOH_SCORE_USE_COMPOUND=0 LOH_SCORE_USE_IRT=0 LOH_USE_SOFTMAX=0 LOH_USE_HEURISTIC_SIGNS=0
1063,"compound=0,irt=0",0,0,1,0,0,1,1,0.365761,0.350284,0.01,0,bestcfg_statecombo_3t_3m_20260207_000001__1063__c010_001_r01,LOH_SCORE_USE_COMPOUND=0 LOH_SCORE_USE_IRT=0 LOH_USE_SOFTMAX=0 LOH_USE_HEURISTIC_SIGNS=0
1063,"compound=0,irt=0",0,0,1,0,0,1,0,0.369048,0.351902,0.01,0,bestcfg_statecombo_3t_3m_20260207_000001__1063__c010_002_r01,LOH_SCORE_USE_COMPOUND=0 LOH_SCORE_USE_IRT=0 LOH_USE_SOFTMAX=0 LOH_USE_HEURISTIC_SIGNS=0
1063,"compound=0,irt=0",0,0,1,1,0,1,1,0.368580,0.352580,0.01,0,bestcfg_statecombo_3t_3m_20260207_000001__1063__c011_001_r01,LOH_SCORE_USE_COMPOUND=0 LOH_SCORE_USE_IRT=0 LOH_USE_SOFTMAX=0 LOH_USE_HEURISTIC_SIGNS=0
1063,"compound=0,irt=0",0,0,1,1,0,1,0,0.367823,0.350550,0.01,0,bestcfg_statecombo_3t_3m_20260207_000001__1063__c011_002_r01,LOH_SCORE_USE_COMPOUND=0 LOH_SCORE_USE_IRT=0 LOH_USE_SOFTMAX=0 LOH_USE_HEURISTIC_SIGNS=0
1063,"compound=0,irt=0",0,0,1,0,1,1,1,0.369469,0.351058,0.01,0,bestcfg_statecombo_3t_3m_20260207_000001__1063__c012_001_r01,LOH_SCORE_USE_COMPOUND=0 LOH_SCORE_USE_IRT=0 LOH_USE_SOFTMAX=0 LOH_USE_HEURISTIC_SIGNS=0
1063,"compound=0,irt=0",0,0,1,0,1,1,0,0.367165,0.350814,0.01,0,bestcfg_statecombo_3t_3m_20260207_000001__1063__c012_002_r01,LOH_SCORE_USE_COMPOUND=0 LOH_SCORE_USE_IRT=0 LOH_USE_SOFTMAX=0 LOH_USE_HEURISTIC_SIGNS=0
1063,"compound=0,irt=0",0,1,0,0,0,0,1,0.366809,0.350698,0.01,0,bestcfg_statecombo_3t_3m_20260207_000001__1063__c013_001_r01,LOH_SCORE_USE_COMPOUND=0 LOH_SCORE_USE_IRT=0 LOH_USE_SOFTMAX=0 LOH_USE_HEURISTIC_SIGNS=0
1063,"compound=0,irt=0",0,1,0,0,0,0,0,0.368645,0.350635,0.01,0,bestcfg_statecombo_3t_3m_20260207_000001__1063__c013_002_r01,LOH_SCORE_USE_COMPOUND=0 LOH_SCORE_USE_IRT=0 LOH_USE_SOFTMAX=0 LOH_USE_HEURISTIC_SIGNS=0
1063,"compound=0,irt=0",0,1,0,1,0,0,1,0.371570,0.354599,0.01,0,bestcfg_statecombo_3t_3m_20260207_000001__1063__c014_001_r01,LOH_SCORE_USE_COMPOUND=0 LOH_SCORE_USE_IRT=0 LOH_USE_SOFTMAX=0 LOH_USE_HEURISTIC_SIGNS=0
1063,"compound=0,irt=0",0,1,0,1,0,0,0,0.371053,0.356323,0.01,0,bestcfg_statecombo_3t_3m_20260207_000001__1063__c014_002_r01,LOH_SCORE_USE_COMPOUND=0 LOH_SCORE_USE_IRT=0 LOH_USE_SOFTMAX=0 LOH_USE_HEURISTIC_SIGNS=0
1063,"compound=0,irt=0",0,1,0,0,1,0,1,0.369425,0.352900,0.01,0,bestcfg_statecombo_3t_3m_20260207_000001__1063__c015_001_r01,LOH_SCORE_USE_COMPOUND=0 LOH_SCORE_USE_IRT=0 LOH_USE_SOFTMAX=0 LOH_USE_HEURISTIC_SIGNS=0
1063,"compound=0,irt=0",0,1,0,0,1,0,0,0.370575,0.352572,0.01,0,bestcfg_statecombo_3t_3m_20260207_000001__1063__c015_002_r01,LOH_SCORE_USE_COMPOUND=0 LOH_SCORE_USE_IRT=0 LOH_USE_SOFTMAX=0 LOH_USE_HEURISTIC_SIGNS=0
1063,"compound=0,irt=0",0,1,0,0,0,1,1,0.367565,0.350002,0.01,0,bestcfg_statecombo_3t_3m_20260207_000001__1063__c016_001_r01,LOH_SCORE_USE_COMPOUND=0 LOH_SCORE_USE_IRT=0 LOH_USE_SOFTMAX=0 LOH_USE_HEURISTIC_SIGNS=0
1063,"compound=0,irt=0",0,1,0,0,0,1,0,0.366626,0.349678,0.01,0,bestcfg_statecombo_3t_3m_20260207_000001__1063__c016_002_r01,LOH_SCORE_USE_COMPOUND=0 LOH_SCORE_USE_IRT=0 LOH_USE_SOFTMAX=0 LOH_USE_HEURISTIC_SIGNS=0
1063,"compound=0,irt=0",0,1,0,1,0,1,1,0.367418,0.351316,0.01,0,bestcfg_statecombo_3t_3m_20260207_000001__1063__c017_001_r01,LOH_SCORE_USE_COMPOUND=0 LOH_SCORE_USE_IRT=0 LOH_USE_SOFTMAX=0 LOH_USE_HEURISTIC_SIGNS=0
1063,"compound=0,irt=0",0,1,0,1,0,1,0,0.368381,0.349867,0.01,0,bestcfg_statecombo_3t_3m_20260207_000001__1063__c017_002_r01,LOH_SCORE_USE_COMPOUND=0 LOH_SCORE_USE_IRT=0 LOH_USE_SOFTMAX=0 LOH_USE_HEURISTIC_SIGNS=0
1063,"compound=0,irt=0",0,1,0,0,1,1,1,0.365101,0.349418,0.01,0,bestcfg_statecombo_3t_3m_20260207_000001__1063__c018_001_r01,LOH_SCORE_USE_COMPOUND=0 LOH_SCORE_USE_IRT=0 LOH_USE_SOFTMAX=0 LOH_USE_HEURISTIC_SIGNS=0
1063,"compound=0,irt=0",0,1,0,0,1,1,0,0.369500,0.353122,0.01,0,bestcfg_statecombo_3t_3m_20260207_000001__1063__c018_002_r01,LOH_SCORE_USE_COMPOUND=0 LOH_SCORE_USE_IRT=0 LOH_USE_SOFTMAX=0 LOH_USE_HEURISTIC_SIGNS=0
1063,"compound=0,irt=0",0,1,1,0,0,0,1,0.367244,0.350383,0.01,0,bestcfg_statecombo_3t_3m_20260207_000001__1063__c019_001_r01,LOH_SCORE_USE_COMPOUND=0 LOH_SCORE_USE_IRT=0 LOH_USE_SOFTMAX=0 LOH_USE_HEURISTIC_SIGNS=0
1063,"compound=0,irt=0",0,1,1,0,0,0,0,0.366695,0.349554,0.01,0,bestcfg_statecombo_3t_3m_20260207_000001__1063__c019_002_r01,LOH_SCORE_USE_COMPOUND=0 LOH_SCORE_USE_IRT=0 LOH_USE_SOFTMAX=0 LOH_USE_HEURISTIC_SIGNS=0
1063,"compound=0,irt=0",0,1,1,1,0,0,1,0.368591,0.353472,0.01,0,bestcfg_statecombo_3t_3m_20260207_000001__1063__c020_001_r01,LOH_SCORE_USE_COMPOUND=0 LOH_SCORE_USE_IRT=0 LOH_USE_SOFTMAX=0 LOH_USE_HEURISTIC_SIGNS=0
1063,"compound=0,irt=0",0,1,1,1,0,0,0,0.371392,0.353563,0.01,0,bestcfg_statecombo_3t_3m_20260207_000001__1063__c020_002_r01,LOH_SCORE_USE_COMPOUND=0 LOH_SCORE_USE_IRT=0 LOH_USE_SOFTMAX=0 LOH_USE_HEURISTIC_SIGNS=0
1063,"compound=0,irt=0",0,1,1,0,1,0,1,0.370920,0.354866,0.01,0,bestcfg_statecombo_3t_3m_20260207_000001__1063__c021_001_r01,LOH_SCORE_USE_COMPOUND=0 LOH_SCORE_USE_IRT=0 LOH_USE_SOFTMAX=0 LOH_USE_HEURISTIC_SIGNS=0
1063,"compound=0,irt=0",0,1,1,0,1,0,0,0.369194,0.351794,0.01,0,bestcfg_statecombo_3t_3m_20260207_000001__1063__c021_002_r01,LOH_SCORE_USE_COMPOUND=0 LOH_SCORE_USE_IRT=0 LOH_USE_SOFTMAX=0 LOH_USE_HEURISTIC_SIGNS=0
1063,"compound=0,irt=0",0,1,1,0,0,1,1,0.366988,0.351230,0.01,0,bestcfg_statecombo_3t_3m_20260207_000001__1063__c022_001_r01,LOH_SCORE_USE_COMPOUND=0 LOH_SCORE_USE_IRT=0 LOH_USE_SOFTMAX=0 LOH_USE_HEURISTIC_SIGNS=0
1063,"compound=0,irt=0",0,1,1,0,0,1,0,0.368143,0.350819,0.01,0,bestcfg_statecombo_3t_3m_20260207_000001__1063__c022_002_r01,LOH_SCORE_USE_COMPOUND=0 LOH_SCORE_USE_IRT=0 LOH_USE_SOFTMAX=0 LOH_USE_HEURISTIC_SIGNS=0
1063,"compound=0,irt=0",0,1,1,1,0,1,1,0.368870,0.352479,0.01,0,bestcfg_statecombo_3t_3m_20260207_000001__1063__c023_001_r01,LOH_SCORE_USE_COMPOUND=0 LOH_SCORE_USE_IRT=0 LOH_USE_SOFTMAX=0 LOH_USE_HEURISTIC_SIGNS=0
1063,"compound=0,irt=0",0,1,1,1,0,1,0,0.366209,0.350561,0.01,0,bestcfg_statecombo_3t_3m_20260207_000001__1063__c023_002_r01,LOH_SCORE_USE_COMPOUND=0 LOH_SCORE_USE_IRT=0 LOH_USE_SOFTMAX=0 LOH_USE_HEURISTIC_SIGNS=0
1063,"compound=0,irt=0",0,1,1,0,1,1,1,0.369686,0.350769,0.01,0,bestcfg_statecombo_3t_3m_20260207_000001__1063__c024_001_r01,LOH_SCORE_USE_COMPOUND=0 LOH_SCORE_USE_IRT=0 LOH_USE_SOFTMAX=0 LOH_USE_HEURISTIC_SIGNS=0
1063,"compound=0,irt=0",0,1,1,0,1,1,0,0.366336,0.348478,0.01,0,bestcfg_statecombo_3t_3m_20260207_000001__1063__c024_002_r01,LOH_SCORE_USE_COMPOUND=0 LOH_SCORE_USE_IRT=0 LOH_USE_SOFTMAX=0 LOH_USE_HEURISTIC_SIGNS=0
1063,"compound=0,irt=0",1,0,0,0,0,0,1,0.367000,0.348356,0.01,0,bestcfg_statecombo_3t_3m_20260207_000001__1063__c025_001_r01,LOH_SCORE_USE_COMPOUND=0 LOH_SCORE_USE_IRT=0 LOH_USE_SOFTMAX=0 LOH_USE_HEURISTIC_SIGNS=0
1063,"compound=0,irt=0",1,0,0,0,0,0,0,0.366383,0.348798,0.01,0,bestcfg_statecombo_3t_3m_20260207_000001__1063__c025_002_r01,LOH_SCORE_USE_COMPOUND=0 LOH_SCORE_USE_IRT=0 LOH_USE_SOFTMAX=0 LOH_USE_HEURISTIC_SIGNS=0
1063,"compound=0,irt=0",1,0,0,1,0,0,1,0.373285,0.357052,0.01,0,bestcfg_statecombo_3t_3m_20260207_000001__1063__c026_001_r01,LOH_SCORE_USE_COMPOUND=0 LOH_SCORE_USE_IRT=0 LOH_USE_SOFTMAX=0 LOH_USE_HEURISTIC_SIGNS=0
1063,"compound=0,irt=0",1,0,0,1,0,0,0,0.370671,0.354117,0.01,0,bestcfg_statecombo_3t_3m_20260207_000001__1063__c026_002_r01,LOH_SCORE_USE_COMPOUND=0 LOH_SCORE_USE_IRT=0 LOH_USE_SOFTMAX=0 LOH_USE_HEURISTIC_SIGNS=0
1063,"compound=0,irt=0",1,0,0,0,1,0,1,0.370057,0.354357,0.01,0,bestcfg_statecombo_3t_3m_20260207_000001__1063__c027_001_r01,LOH_SCORE_USE_COMPOUND=0 LOH_SCORE_USE_IRT=0 LOH_USE_SOFTMAX=0 LOH_USE_HEURISTIC_SIGNS=0
1063,"compound=0,irt=0",1,0,0,0,1,0,0,0.369758,0.354294,0.01,0,bestcfg_statecombo_3t_3m_20260207_000001__1063__c027_002_r01,LOH_SCORE_USE_COMPOUND=0 LOH_SCORE_USE_IRT=0 LOH_USE_SOFTMAX=0 LOH_USE_HEURISTIC_SIGNS=0
1063,"compound=0,irt=0",1,0,0,0,0,1,1,0.365815,0.349104,0.01,0,bestcfg_statecombo_3t_3m_20260207_000001__1063__c028_001_r01,LOH_SCORE_USE_COMPOUND=0 LOH_SCORE_USE_IRT=0 LOH_USE_SOFTMAX=0 LOH_USE_HEURISTIC_SIGNS=0
1063,"compound=0,irt=0",1,0,0,0,0,1,0,0.369085,0.351362,0.01,0,bestcfg_statecombo_3t_3m_20260207_000001__1063__c028_002_r01,LOH_SCORE_USE_COMPOUND=0 LOH_SCORE_USE_IRT=0 LOH_USE_SOFTMAX=0 LOH_USE_HEURISTIC_SIGNS=0
1063,"compound=0,irt=0",1,0,0,1,0,1,1,0.369063,0.352822,0.01,0,bestcfg_statecombo_3t_3m_20260207_000001__1063__c029_001_r01,LOH_SCORE_USE_COMPOUND=0 LOH_SCORE_USE_IRT=0 LOH_USE_SOFTMAX=0 LOH_USE_HEURISTIC_SIGNS=0
1063,"compound=0,irt=0",1,0,0,1,0,1,0,0.369271,0.352917,0.01,0,bestcfg_statecombo_3t_3m_20260207_000001__1063__c029_002_r01,LOH_SCORE_USE_COMPOUND=0 LOH_SCORE_USE_IRT=0 LOH_USE_SOFTMAX=0 LOH_USE_HEURISTIC_SIGNS=0
1063,"compound=0,irt=0",1,0,0,0,1,1,1,0.367397,0.351364,0.01,0,bestcfg_statecombo_3t_3m_20260207_000001__1063__c030_001_r01,LOH_SCORE_USE_COMPOUND=0 LOH_SCORE_USE_IRT=0 LOH_USE_SOFTMAX=0 LOH_USE_HEURISTIC_SIGNS=0
1063,"compound=0,irt=0",1,0,0,0,1,1,0,0.367523,0.349624,0.01,0,bestcfg_statecombo_3t_3m_20260207_000001__1063__c030_002_r01,LOH_SCORE_USE_COMPOUND=0 LOH_SCORE_USE_IRT=0 LOH_USE_SOFTMAX=0 LOH_USE_HEURISTIC_SIGNS=0
1063,"compound=0,irt=0",1,0,1,0,0,0,1,0.367901,0.350032,0.01,0,bestcfg_statecombo_3t_3m_20260207_000001__1063__c031_001_r01,LOH_SCORE_USE_COMPOUND=0 LOH_SCORE_USE_IRT=0 LOH_USE_SOFTMAX=0 LOH_USE_HEURISTIC_SIGNS=0
1063,"compound=0,irt=0",1,0,1,0,0,0,0,0.365975,0.349886,0.01,0,bestcfg_statecombo_3t_3m_20260207_000001__1063__c031_002_r01,LOH_SCORE_USE_COMPOUND=0 LOH_SCORE_USE_IRT=0 LOH_USE_SOFTMAX=0 LOH_USE_HEURISTIC_SIGNS=0
1063,"compound=0,irt=0",1,0,1,1,0,0,1,0.370786,0.351699,0.01,0,bestcfg_statecombo_3t_3m_20260207_000001__1063__c032_001_r01,LOH_SCORE_USE_COMPOUND=0 LOH_SCORE_USE_IRT=0 LOH_USE_SOFTMAX=0 LOH_USE_HEURISTIC_SIGNS=0
1063,"compound=0,irt=0",1,0,1,1,0,0,0,0.370094,0.353725,0.01,0,bestcfg_statecombo_3t_3m_20260207_000001__1063__c032_002_r01,LOH_SCORE_USE_COMPOUND=0 LOH_SCORE_USE_IRT=0 LOH_USE_SOFTMAX=0 LOH_USE_HEURISTIC_SIGNS=0
1063,"compound=0,irt=0",1,0,1,0,1,0,1,0.366354,0.350133,0.01,0,bestcfg_statecombo_3t_3m_20260207_000001__1063__c033_001_r01,LOH_SCORE_USE_COMPOUND=0 LOH_SCORE_USE_IRT=0 LOH_USE_SOFTMAX=0 LOH_USE_HEURISTIC_SIGNS=0
1063,"compound=0,irt=0",1,0,1,0,1,0,0,0.368150,0.352155,0.01,0,bestcfg_statecombo_3t_3m_20260207_000001__1063__c033_002_r01,LOH_SCORE_USE_COMPOUND=0 LOH_SCORE_USE_IRT=0 LOH_USE_SOFTMAX=0 LOH_USE_HEURISTIC_SIGNS=0
1063,"compound=0,irt=0",1,0,1,0,0,1,1,0.368844,0.349852,0.01,0,bestcfg_statecombo_3t_3m_20260207_000001__1063__c034_001_r01,LOH_SCORE_USE_COMPOUND=0 LOH_SCORE_USE_IRT=0 LOH_USE_SOFTMAX=0 LOH_USE_HEURISTIC_SIGNS=0
1063,"compound=0,irt=0",1,0,1,0,0,1,0,0.367983,0.351511,0.01,0,bestcfg_statecombo_3t_3m_20260207_000001__1063__c034_002_r01,LOH_SCORE_USE_COMPOUND=0 LOH_SCORE_USE_IRT=0 LOH_USE_SOFTMAX=0 LOH_USE_HEURISTIC_SIGNS=0
1063,"compound=0,irt=0",1,0,1,1,0,1,1,0.370445,0.352679,0.01,0,bestcfg_statecombo_3t_3m_20260207_000001__1063__c035_001_r01,LOH_SCORE_USE_COMPOUND=0 LOH_SCORE_USE_IRT=0 LOH_USE_SOFTMAX=0 LOH_USE_HEURISTIC_SIGNS=0
1063,"compound=0,irt=0",1,0,1,1,0,1,0,0.367590,0.349720,0.01,0,bestcfg_statecombo_3t_3m_20260207_000001__1063__c035_002_r01,LOH_SCORE_USE_COMPOUND=0 LOH_SCORE_USE_IRT=0 LOH_USE_SOFTMAX=0 LOH_USE_HEURISTIC_SIGNS=0
1063,"compound=0,irt=0",1,0,1,0,1,1,1,0.368796,0.351916,0.01,0,bestcfg_statecombo_3t_3m_20260207_000001__1063__c036_001_r01,LOH_SCORE_USE_COMPOUND=0 LOH_SCORE_USE_IRT=0 LOH_USE_SOFTMAX=0 LOH_USE_HEURISTIC_SIGNS=0
1063,"compound=0,irt=0",1,0,1,0,1,1,0,0.369716,0.350792,0.01,0,bestcfg_statecombo_3t_3m_20260207_000001__1063__c036_002_r01,LOH_SCORE_USE_COMPOUND=0 LOH_SCORE_USE_IRT=0 LOH_USE_SOFTMAX=0 LOH_USE_HEURISTIC_SIGNS=0
1063,"compound=0,irt=0",1,1,0,0,0,0,1,0.367214,0.350254,0.01,0,bestcfg_statecombo_3t_3m_20260207_000001__1063__c037_001_r01,LOH_SCORE_USE_COMPOUND=0 LOH_SCORE_USE_IRT=0 LOH_USE_SOFTMAX=0 LOH_USE_HEURISTIC_SIGNS=0
1063,"compound=0,irt=0",1,1,0,0,0,0,0,0.368287,0.350565,0.01,0,bestcfg_statecombo_3t_3m_20260207_000001__1063__c037_002_r01,LOH_SCORE_USE_COMPOUND=0 LOH_SCORE_USE_IRT=0 LOH_USE_SOFTMAX=0 LOH_USE_HEURISTIC_SIGNS=0
1063,"compound=0,irt=0",1,1,0,1,0,0,1,0.367528,0.351121,0.01,0,bestcfg_statecombo_3t_3m_20260207_000001__1063__c038_001_r01,LOH_SCORE_USE_COMPOUND=0 LOH_SCORE_USE_IRT=0 LOH_USE_SOFTMAX=0 LOH_USE_HEURISTIC_SIGNS=0
1063,"compound=0,irt=0",1,1,0,1,0,0,0,0.373474,0.356579,0.01,0,bestcfg_statecombo_3t_3m_20260207_000001__1063__c038_002_r01,LOH_SCORE_USE_COMPOUND=0 LOH_SCORE_USE_IRT=0 LOH_USE_SOFTMAX=0 LOH_USE_HEURISTIC_SIGNS=0
1063,"compound=0,irt=0",1,1,0,0,1,0,1,0.369270,0.352524,0.01,0,bestcfg_statecombo_3t_3m_20260207_000001__1063__c039_001_r01,LOH_SCORE_USE_COMPOUND=0 LOH_SCORE_USE_IRT=0 LOH_USE_SOFTMAX=0 LOH_USE_HEURISTIC_SIGNS=0
1063,"compound=0,irt=0",1,1,0,0,1,0,0,0.369403,0.354096,0.01,0,bestcfg_statecombo_3t_3m_20260207_000001__1063__c039_002_r01,LOH_SCORE_USE_COMPOUND=0 LOH_SCORE_USE_IRT=0 LOH_USE_SOFTMAX=0 LOH_USE_HEURISTIC_SIGNS=0
1063,"compound=0,irt=0",1,1,0,0,0,1,1,0.364452,0.348691,0.01,0,bestcfg_statecombo_3t_3m_20260207_000001__1063__c040_001_r01,LOH_SCORE_USE_COMPOUND=0 LOH_SCORE_USE_IRT=0 LOH_USE_SOFTMAX=0 LOH_USE_HEURISTIC_SIGNS=0
1063,"compound=0,irt=0",1,1,0,0,0,1,0,0.368857,0.351975,0.01,0,bestcfg_statecombo_3t_3m_20260207_000001__1063__c040_002_r01,LOH_SCORE_USE_COMPOUND=0 LOH_SCORE_USE_IRT=0 LOH_USE_SOFTMAX=0 LOH_USE_HEURISTIC_SIGNS=0
1063,"compound=0,irt=0",1,1,0,1,0,1,1,0.368622,0.352231,0.01,0,bestcfg_statecombo_3t_3m_20260207_000001__1063__c041_001_r01,LOH_SCORE_USE_COMPOUND=0 LOH_SCORE_USE_IRT=0 LOH_USE_SOFTMAX=0 LOH_USE_HEURISTIC_SIGNS=0
1063,"compound=0,irt=0",1,1,0,1,0,1,0,0.367604,0.350007,0.01,0,bestcfg_statecombo_3t_3m_20260207_000001__1063__c041_002_r01,LOH_SCORE_USE_COMPOUND=0 LOH_SCORE_USE_IRT=0 LOH_USE_SOFTMAX=0 LOH_USE_HEURISTIC_SIGNS=0
1063,"compound=0,irt=0",1,1,0,0,1,1,1,0.368521,0.350213,0.01,0,bestcfg_statecombo_3t_3m_20260207_000001__1063__c042_001_r01,LOH_SCORE_USE_COMPOUND=0 LOH_SCORE_USE_IRT=0 LOH_USE_SOFTMAX=0 LOH_USE_HEURISTIC_SIGNS=0
1063,"compound=0,irt=0",1,1,0,0,1,1,0,0.367201,0.350620,0.01,0,bestcfg_statecombo_3t_3m_20260207_000001__1063__c042_002_r01,LOH_SCORE_USE_COMPOUND=0 LOH_SCORE_USE_IRT=0 LOH_USE_SOFTMAX=0 LOH_USE_HEURISTIC_SIGNS=0
1063,"compound=0,irt=0",1,1,1,0,0,0,1,0.369307,0.353073,0.01,0,bestcfg_statecombo_3t_3m_20260207_000001__1063__c043_001_r01,LOH_SCORE_USE_COMPOUND=0 LOH_SCORE_USE_IRT=0 LOH_USE_SOFTMAX=0 LOH_USE_HEURISTIC_SIGNS=0
1063,"compound=0,irt=0",1,1,1,0,0,0,0,0.366326,0.348922,0.01,0,bestcfg_statecombo_3t_3m_20260207_000001__1063__c043_002_r01,LOH_SCORE_USE_COMPOUND=0 LOH_SCORE_USE_IRT=0 LOH_USE_SOFTMAX=0 LOH_USE_HEURISTIC_SIGNS=0
1063,"compound=0,irt=0",1,1,1,1,0,0,1,0.371041,0.356252,0.01,0,bestcfg_statecombo_3t_3m_20260207_000001__1063__c044_001_r01,LOH_SCORE_USE_COMPOUND=0 LOH_SCORE_USE_IRT=0 LOH_USE_SOFTMAX=0 LOH_USE_HEURISTIC_SIGNS=0
1063,"compound=0,irt=0",1,1,1,1,0,0,0,0.371972,0.355544,0.01,0,bestcfg_statecombo_3t_3m_20260207_000001__1063__c044_002_r01,LOH_SCORE_USE_COMPOUND=0 LOH_SCORE_USE_IRT=0 LOH_USE_SOFTMAX=0 LOH_USE_HEURISTIC_SIGNS=0
1063,"compound=0,irt=0",1,1,1,0,1,0,1,0.368598,0.349393,0.01,0,bestcfg_statecombo_3t_3m_20260207_000001__1063__c045_001_r01,LOH_SCORE_USE_COMPOUND=0 LOH_SCORE_USE_IRT=0 LOH_USE_SOFTMAX=0 LOH_USE_HEURISTIC_SIGNS=0
1063,"compound=0,irt=0",1,1,1,0,1,0,0,0.368676,0.351564,0.01,0,bestcfg_statecombo_3t_3m_20260207_000001__1063__c045_002_r01,LOH_SCORE_USE_COMPOUND=0 LOH_SCORE_USE_IRT=0 LOH_USE_SOFTMAX=0 LOH_USE_HEURISTIC_SIGNS=0
1063,"compound=0,irt=0",1,1,1,0,0,1,1,0.368576,0.349457,0.01,0,bestcfg_statecombo_3t_3m_20260207_000001__1063__c046_001_r01,LOH_SCORE_USE_COMPOUND=0 LOH_SCORE_USE_IRT=0 LOH_USE_SOFTMAX=0 LOH_USE_HEURISTIC_SIGNS=0
1063,"compound=0,irt=0",1,1,1,0,0,1,0,0.366591,0.347995,0.01,0,bestcfg_statecombo_3t_3m_20260207_000001__1063__c046_002_r01,LOH_SCORE_USE_COMPOUND=0 LOH_SCORE_USE_IRT=0 LOH_USE_SOFTMAX=0 LOH_USE_HEURISTIC_SIGNS=0
1063,"compound=0,irt=0",1,1,1,1,0,1,1,0.367241,0.349986,0.01,0,bestcfg_statecombo_3t_3m_20260207_000001__1063__c047_001_r01,LOH_SCORE_USE_COMPOUND=0 LOH_SCORE_USE_IRT=0 LOH_USE_SOFTMAX=0 LOH_USE_HEURISTIC_SIGNS=0
1063,"compound=0,irt=0",1,1,1,1,0,1,0,0.369968,0.353291,0.01,0,bestcfg_statecombo_3t_3m_20260207_000001__1063__c047_002_r01,LOH_SCORE_USE_COMPOUND=0 LOH_SCORE_USE_IRT=0 LOH_USE_SOFTMAX=0 LOH_USE_HEURISTIC_SIGNS=0
1063,"compound=0,irt=0",1,1,1,0,1,1,1,0.367048,0.348116,0.01,0,bestcfg_statecombo_3t_3m_20260207_000001__1063__c048_001_r01,LOH_SCORE_USE_COMPOUND=0 LOH_SCORE_USE_IRT=0 LOH_USE_SOFTMAX=0 LOH_USE_HEURISTIC_SIGNS=0
1063,"compound=0,irt=0",1,1,1,0,1,1,0,0.368691,0.349083,0.01,0,bestcfg_statecombo_3t_3m_20260207_000001__1063__c048_002_r01,LOH_SCORE_USE_COMPOUND=0 LOH_SCORE_USE_IRT=0 LOH_USE_SOFTMAX=0 LOH_USE_HEURISTIC_SIGNS=0
meta_reag,compound=1,0,0,0,0,0,0,1,0.368202,0.225580,0.01,0,bestcfg_statecombo_3t_3m_20260207_000001__meta_reag__c001_001_r01,LOH_SCORE_USE_COMPOUND=1 LOH_SCORE_USE_IRT=1 LOH_USE_SOFTMAX=1 LOH_USE_HEURISTIC_SIGNS=0
meta_reag,compound=1,0,0,0,0,0,0,0,NA,NA,NA,143,bestcfg_statecombo_3t_3m_20260207_000001__meta_reag__c001_002_r01,LOH_SCORE_USE_COMPOUND=1 LOH_SCORE_USE_IRT=1 LOH_USE_SOFTMAX=1 LOH_USE_HEURISTIC_SIGNS=0
meta_reag,compound=1,0,0,0,1,0,0,1,0.368286,0.225399,0.01,0,bestcfg_statecombo_3t_3m_20260207_000001__meta_reag__c002_001_r01,LOH_SCORE_USE_COMPOUND=1 LOH_SCORE_USE_IRT=1 LOH_USE_SOFTMAX=1 LOH_USE_HEURISTIC_SIGNS=0
meta_reag,compound=1,0,0,0,1,0,0,0,0.368232,0.225572,0.01,0,bestcfg_statecombo_3t_3m_20260207_000001__meta_reag__c002_002_r01,LOH_SCORE_USE_COMPOUND=1 LOH_SCORE_USE_IRT=1 LOH_USE_SOFTMAX=1 LOH_USE_HEURISTIC_SIGNS=0
meta_reag,compound=1,0,0,0,0,1,0,1,0.368265,0.225819,0.01,0,bestcfg_statecombo_3t_3m_20260207_000001__meta_reag__c003_001_r01,LOH_SCORE_USE_COMPOUND=1 LOH_SCORE_USE_IRT=1 LOH_USE_SOFTMAX=1 LOH_USE_HEURISTIC_SIGNS=0
meta_reag,compound=1,0,0,0,0,1,0,0,0.368167,0.225468,0.01,0,bestcfg_statecombo_3t_3m_20260207_000001__meta_reag__c003_002_r01,LOH_SCORE_USE_COMPOUND=1 LOH_SCORE_USE_IRT=1 LOH_USE_SOFTMAX=1 LOH_USE_HEURISTIC_SIGNS=0
meta_reag,compound=1,0,0,0,0,0,1,1,0.368220,0.225010,0.01,0,bestcfg_statecombo_3t_3m_20260207_000001__meta_reag__c004_001_r01,LOH_SCORE_USE_COMPOUND=1 LOH_SCORE_USE_IRT=1 LOH_USE_SOFTMAX=1 LOH_USE_HEURISTIC_SIGNS=0
meta_reag,compound=1,0,0,0,0,0,1,0,0.368162,0.225140,0.01,0,bestcfg_statecombo_3t_3m_20260207_000001__meta_reag__c004_002_r01,LOH_SCORE_USE_COMPOUND=1 LOH_SCORE_USE_IRT=1 LOH_USE_SOFTMAX=1 LOH_USE_HEURISTIC_SIGNS=0
meta_reag,compound=1,0,0,0,1,0,1,1,0.368220,0.225273,0.01,0,bestcfg_statecombo_3t_3m_20260207_000001__meta_reag__c005_001_r01,LOH_SCORE_USE_COMPOUND=1 LOH_SCORE_USE_IRT=1 LOH_USE_SOFTMAX=1 LOH_USE_HEURISTIC_SIGNS=0
meta_reag,compound=1,0,0,0,1,0,1,0,0.368120,0.225812,0.01,0,bestcfg_statecombo_3t_3m_20260207_000001__meta_reag__c005_002_r01,LOH_SCORE_USE_COMPOUND=1 LOH_SCORE_USE_IRT=1 LOH_USE_SOFTMAX=1 LOH_USE_HEURISTIC_SIGNS=0
meta_reag,compound=1,0,0,0,0,1,1,1,0.368226,0.225305,0.01,0,bestcfg_statecombo_3t_3m_20260207_000001__meta_reag__c006_001_r01,LOH_SCORE_USE_COMPOUND=1 LOH_SCORE_USE_IRT=1 LOH_USE_SOFTMAX=1 LOH_USE_HEURISTIC_SIGNS=0
meta_reag,compound=1,0,0,0,0,1,1,0,0.368168,0.225577,0.01,0,bestcfg_statecombo_3t_3m_20260207_000001__meta_reag__c006_002_r01,LOH_SCORE_USE_COMPOUND=1 LOH_SCORE_USE_IRT=1 LOH_USE_SOFTMAX=1 LOH_USE_HEURISTIC_SIGNS=0
meta_reag,compound=1,0,0,1,0,0,0,1,0.368244,0.225233,0.01,0,bestcfg_statecombo_3t_3m_20260207_000001__meta_reag__c007_001_r01,LOH_SCORE_USE_COMPOUND=1 LOH_SCORE_USE_IRT=1 LOH_USE_SOFTMAX=1 LOH_USE_HEURISTIC_SIGNS=0
meta_reag,compound=1,0,0,1,0,0,0,0,0.368168,0.224866,0.01,0,bestcfg_statecombo_3t_3m_20260207_000001__meta_reag__c007_002_r01,LOH_SCORE_USE_COMPOUND=1 LOH_SCORE_USE_IRT=1 LOH_USE_SOFTMAX=1 LOH_USE_HEURISTIC_SIGNS=0
meta_reag,compound=1,0,0,1,1,0,0,1,0.368205,0.224693,0.01,0,bestcfg_statecombo_3t_3m_20260207_000001__meta_reag__c008_001_r01,LOH_SCORE_USE_COMPOUND=1 LOH_SCORE_USE_IRT=1 LOH_USE_SOFTMAX=1 LOH_USE_HEURISTIC_SIGNS=0
meta_reag,compound=1,0,0,1,1,0,0,0,0.368134,0.225689,0.01,0,bestcfg_statecombo_3t_3m_20260207_000001__meta_reag__c008_002_r01,LOH_SCORE_USE_COMPOUND=1 LOH_SCORE_USE_IRT=1 LOH_USE_SOFTMAX=1 LOH_USE_HEURISTIC_SIGNS=0
meta_reag,compound=1,0,0,1,0,1,0,1,0.368210,0.224746,0.01,0,bestcfg_statecombo_3t_3m_20260207_000001__meta_reag__c009_001_r01,LOH_SCORE_USE_COMPOUND=1 LOH_SCORE_USE_IRT=1 LOH_USE_SOFTMAX=1 LOH_USE_HEURISTIC_SIGNS=0
meta_reag,compound=1,0,0,1,0,1,0,0,0.368186,0.225004,0.01,0,bestcfg_statecombo_3t_3m_20260207_000001__meta_reag__c009_002_r01,LOH_SCORE_USE_COMPOUND=1 LOH_SCORE_USE_IRT=1 LOH_USE_SOFTMAX=1 LOH_USE_HEURISTIC_SIGNS=0
meta_reag,compound=1,0,0,1,0,0,1,1,0.368232,0.225788,0.01,0,bestcfg_statecombo_3t_3m_20260207_000001__meta_reag__c010_001_r01,LOH_SCORE_USE_COMPOUND=1 LOH_SCORE_USE_IRT=1 LOH_USE_SOFTMAX=1 LOH_USE_HEURISTIC_SIGNS=0
meta_reag,compound=1,0,0,1,0,0,1,0,0.368133,0.225338,0.01,0,bestcfg_statecombo_3t_3m_20260207_000001__meta_reag__c010_002_r01,LOH_SCORE_USE_COMPOUND=1 LOH_SCORE_USE_IRT=1 LOH_USE_SOFTMAX=1 LOH_USE_HEURISTIC_SIGNS=0
meta_reag,compound=1,0,0,1,1,0,1,1,0.368239,0.224813,0.01,0,bestcfg_statecombo_3t_3m_20260207_000001__meta_reag__c011_001_r01,LOH_SCORE_USE_COMPOUND=1 LOH_SCORE_USE_IRT=1 LOH_USE_SOFTMAX=1 LOH_USE_HEURISTIC_SIGNS=0
meta_reag,compound=1,0,0,1,1,0,1,0,0.368163,0.224907,0.01,0,bestcfg_statecombo_3t_3m_20260207_000001__meta_reag__c011_002_r01,LOH_SCORE_USE_COMPOUND=1 LOH_SCORE_USE_IRT=1 LOH_USE_SOFTMAX=1 LOH_USE_HEURISTIC_SIGNS=0
meta_reag,compound=1,0,0,1,0,1,1,1,0.368221,0.225059,0.01,0,bestcfg_statecombo_3t_3m_20260207_000001__meta_reag__c012_001_r01,LOH_SCORE_USE_COMPOUND=1 LOH_SCORE_USE_IRT=1 LOH_USE_SOFTMAX=1 LOH_USE_HEURISTIC_SIGNS=0
meta_reag,compound=1,0,0,1,0,1,1,0,0.368159,0.225301,0.01,0,bestcfg_statecombo_3t_3m_20260207_000001__meta_reag__c012_002_r01,LOH_SCORE_USE_COMPOUND=1 LOH_SCORE_USE_IRT=1 LOH_USE_SOFTMAX=1 LOH_USE_HEURISTIC_SIGNS=0
meta_reag,compound=1,0,1,0,0,0,0,1,0.368280,0.224873,0.01,0,bestcfg_statecombo_3t_3m_20260207_000001__meta_reag__c013_001_r01,LOH_SCORE_USE_COMPOUND=1 LOH_SCORE_USE_IRT=1 LOH_USE_SOFTMAX=1 LOH_USE_HEURISTIC_SIGNS=0
meta_reag,compound=1,0,1,0,0,0,0,0,0.368138,0.225723,0.01,0,bestcfg_statecombo_3t_3m_20260207_000001__meta_reag__c013_002_r01,LOH_SCORE_USE_COMPOUND=1 LOH_SCORE_USE_IRT=1 LOH_USE_SOFTMAX=1 LOH_USE_HEURISTIC_SIGNS=0
meta_reag,compound=1,0,1,0,1,0,0,1,0.368290,0.225706,0.01,0,bestcfg_statecombo_3t_3m_20260207_000001__meta_reag__c014_001_r01,LOH_SCORE_USE_COMPOUND=1 LOH_SCORE_USE_IRT=1 LOH_USE_SOFTMAX=1 LOH_USE_HEURISTIC_SIGNS=0
meta_reag,compound=1,0,1,0,1,0,0,0,0.368193,0.225392,0.01,0,bestcfg_statecombo_3t_3m_20260207_000001__meta_reag__c014_002_r01,LOH_SCORE_USE_COMPOUND=1 LOH_SCORE_USE_IRT=1 LOH_USE_SOFTMAX=1 LOH_USE_HEURISTIC_SIGNS=0
meta_reag,compound=1,0,1,0,0,1,0,1,0.368232,0.225220,0.01,0,bestcfg_statecombo_3t_3m_20260207_000001__meta_reag__c015_001_r01,LOH_SCORE_USE_COMPOUND=1 LOH_SCORE_USE_IRT=1 LOH_USE_SOFTMAX=1 LOH_USE_HEURISTIC_SIGNS=0
meta_reag,compound=1,0,1,0,0,1,0,0,0.368149,0.224757,0.01,0,bestcfg_statecombo_3t_3m_20260207_000001__meta_reag__c015_002_r01,LOH_SCORE_USE_COMPOUND=1 LOH_SCORE_USE_IRT=1 LOH_USE_SOFTMAX=1 LOH_USE_HEURISTIC_SIGNS=0
meta_reag,compound=1,0,1,0,0,0,1,1,0.368315,0.225296,0.01,0,bestcfg_statecombo_3t_3m_20260207_000001__meta_reag__c016_001_r01,LOH_SCORE_USE_COMPOUND=1 LOH_SCORE_USE_IRT=1 LOH_USE_SOFTMAX=1 LOH_USE_HEURISTIC_SIGNS=0
meta_reag,compound=1,0,1,0,0,0,1,0,0.368137,0.225614,0.01,0,bestcfg_statecombo_3t_3m_20260207_000001__meta_reag__c016_002_r01,LOH_SCORE_USE_COMPOUND=1 LOH_SCORE_USE_IRT=1 LOH_USE_SOFTMAX=1 LOH_USE_HEURISTIC_SIGNS=0
meta_reag,compound=1,0,1,0,1,0,1,1,0.368224,0.225070,0.01,0,bestcfg_statecombo_3t_3m_20260207_000001__meta_reag__c017_001_r01,LOH_SCORE_USE_COMPOUND=1 LOH_SCORE_USE_IRT=1 LOH_USE_SOFTMAX=1 LOH_USE_HEURISTIC_SIGNS=0
meta_reag,compound=1,0,1,0,1,0,1,0,0.368165,0.225503,0.01,0,bestcfg_statecombo_3t_3m_20260207_000001__meta_reag__c017_002_r01,LOH_SCORE_USE_COMPOUND=1 LOH_SCORE_USE_IRT=1 LOH_USE_SOFTMAX=1 LOH_USE_HEURISTIC_SIGNS=0
meta_reag,compound=1,0,1,0,0,1,1,1,0.368232,0.225842,0.01,0,bestcfg_statecombo_3t_3m_20260207_000001__meta_reag__c018_001_r01,LOH_SCORE_USE_COMPOUND=1 LOH_SCORE_USE_IRT=1 LOH_USE_SOFTMAX=1 LOH_USE_HEURISTIC_SIGNS=0
meta_reag,compound=1,0,1,0,0,1,1,0,0.368129,0.225278,0.01,0,bestcfg_statecombo_3t_3m_20260207_000001__meta_reag__c018_002_r01,LOH_SCORE_USE_COMPOUND=1 LOH_SCORE_USE_IRT=1 LOH_USE_SOFTMAX=1 LOH_USE_HEURISTIC_SIGNS=0
meta_reag,compound=1,0,1,1,0,0,0,1,0.368283,0.225115,0.01,0,bestcfg_statecombo_3t_3m_20260207_000001__meta_reag__c019_001_r01,LOH_SCORE_USE_COMPOUND=1 LOH_SCORE_USE_IRT=1 LOH_USE_SOFTMAX=1 LOH_USE_HEURISTIC_SIGNS=0
meta_reag,compound=1,0,1,1,0,0,0,0,0.368171,0.225359,0.01,0,bestcfg_statecombo_3t_3m_20260207_000001__meta_reag__c019_002_r01,LOH_SCORE_USE_COMPOUND=1 LOH_SCORE_USE_IRT=1 LOH_USE_SOFTMAX=1 LOH_USE_HEURISTIC_SIGNS=0
meta_reag,compound=1,0,1,1,1,0,0,1,0.368244,0.224683,0.01,0,bestcfg_statecombo_3t_3m_20260207_000001__meta_reag__c020_001_r01,LOH_SCORE_USE_COMPOUND=1 LOH_SCORE_USE_IRT=1 LOH_USE_SOFTMAX=1 LOH_USE_HEURISTIC_SIGNS=0
meta_reag,compound=1,0,1,1,1,0,0,0,0.368171,0.225391,0.01,0,bestcfg_statecombo_3t_3m_20260207_000001__meta_reag__c020_002_r01,LOH_SCORE_USE_COMPOUND=1 LOH_SCORE_USE_IRT=1 LOH_USE_SOFTMAX=1 LOH_USE_HEURISTIC_SIGNS=0
meta_reag,compound=1,0,1,1,0,1,0,1,0.368247,0.225363,0.01,0,bestcfg_statecombo_3t_3m_20260207_000001__meta_reag__c021_001_r01,LOH_SCORE_USE_COMPOUND=1 LOH_SCORE_USE_IRT=1 LOH_USE_SOFTMAX=1 LOH_USE_HEURISTIC_SIGNS=0
meta_reag,compound=1,0,1,1,0,1,0,0,0.368191,0.225890,0.01,0,bestcfg_statecombo_3t_3m_20260207_000001__meta_reag__c021_002_r01,LOH_SCORE_USE_COMPOUND=1 LOH_SCORE_USE_IRT=1 LOH_USE_SOFTMAX=1 LOH_USE_HEURISTIC_SIGNS=0
meta_reag,compound=1,0,1,1,0,0,1,1,0.368213,0.224968,0.01,0,bestcfg_statecombo_3t_3m_20260207_000001__meta_reag__c022_001_r01,LOH_SCORE_USE_COMPOUND=1 LOH_SCORE_USE_IRT=1 LOH_USE_SOFTMAX=1 LOH_USE_HEURISTIC_SIGNS=0
meta_reag,compound=1,0,1,1,0,0,1,0,0.368146,0.225221,0.01,0,bestcfg_statecombo_3t_3m_20260207_000001__meta_reag__c022_002_r01,LOH_SCORE_USE_COMPOUND=1 LOH_SCORE_USE_IRT=1 LOH_USE_SOFTMAX=1 LOH_USE_HEURISTIC_SIGNS=0
meta_reag,compound=1,0,1,1,1,0,1,1,0.368250,0.225029,0.01,0,bestcfg_statecombo_3t_3m_20260207_000001__meta_reag__c023_001_r01,LOH_SCORE_USE_COMPOUND=1 LOH_SCORE_USE_IRT=1 LOH_USE_SOFTMAX=1 LOH_USE_HEURISTIC_SIGNS=0
meta_reag,compound=1,0,1,1,1,0,1,0,0.368165,0.224811,0.01,0,bestcfg_statecombo_3t_3m_20260207_000001__meta_reag__c023_002_r01,LOH_SCORE_USE_COMPOUND=1 LOH_SCORE_USE_IRT=1 LOH_USE_SOFTMAX=1 LOH_USE_HEURISTIC_SIGNS=0
meta_reag,compound=1,0,1,1,0,1,1,1,0.368191,0.225274,0.01,0,bestcfg_statecombo_3t_3m_20260207_000001__meta_reag__c024_001_r01,LOH_SCORE_USE_COMPOUND=1 LOH_SCORE_USE_IRT=1 LOH_USE_SOFTMAX=1 LOH_USE_HEURISTIC_SIGNS=0
meta_reag,compound=1,0,1,1,0,1,1,0,0.368201,0.225068,0.01,0,bestcfg_statecombo_3t_3m_20260207_000001__meta_reag__c024_002_r01,LOH_SCORE_USE_COMPOUND=1 LOH_SCORE_USE_IRT=1 LOH_USE_SOFTMAX=1 LOH_USE_HEURISTIC_SIGNS=0
meta_reag,compound=1,1,0,0,0,0,0,1,0.368264,0.225765,0.01,0,bestcfg_statecombo_3t_3m_20260207_000001__meta_reag__c025_001_r01,LOH_SCORE_USE_COMPOUND=1 LOH_SCORE_USE_IRT=1 LOH_USE_SOFTMAX=1 LOH_USE_HEURISTIC_SIGNS=0
meta_reag,compound=1,1,0,0,0,0,0,0,0.368168,0.225463,0.01,0,bestcfg_statecombo_3t_3m_20260207_000001__meta_reag__c025_002_r01,LOH_SCORE_USE_COMPOUND=1 LOH_SCORE_USE_IRT=1 LOH_USE_SOFTMAX=1 LOH_USE_HEURISTIC_SIGNS=0
meta_reag,compound=1,1,0,0,1,0,0,1,0.368266,0.224483,0.01,0,bestcfg_statecombo_3t_3m_20260207_000001__meta_reag__c026_001_r01,LOH_SCORE_USE_COMPOUND=1 LOH_SCORE_USE_IRT=1 LOH_USE_SOFTMAX=1 LOH_USE_HEURISTIC_SIGNS=0
meta_reag,compound=1,1,0,0,1,0,0,0,0.368156,0.225366,0.01,0,bestcfg_statecombo_3t_3m_20260207_000001__meta_reag__c026_002_r01,LOH_SCORE_USE_COMPOUND=1 LOH_SCORE_USE_IRT=1 LOH_USE_SOFTMAX=1 LOH_USE_HEURISTIC_SIGNS=0
meta_reag,compound=1,1,0,0,0,1,0,1,0.368284,0.225224,0.01,0,bestcfg_statecombo_3t_3m_20260207_000001__meta_reag__c027_001_r01,LOH_SCORE_USE_COMPOUND=1 LOH_SCORE_USE_IRT=1 LOH_USE_SOFTMAX=1 LOH_USE_HEURISTIC_SIGNS=0
meta_reag,compound=1,1,0,0,0,1,0,0,0.368171,0.225329,0.01,0,bestcfg_statecombo_3t_3m_20260207_000001__meta_reag__c027_002_r01,LOH_SCORE_USE_COMPOUND=1 LOH_SCORE_USE_IRT=1 LOH_USE_SOFTMAX=1 LOH_USE_HEURISTIC_SIGNS=0
meta_reag,compound=1,1,0,0,0,0,1,1,0.368226,0.225359,0.01,0,bestcfg_statecombo_3t_3m_20260207_000001__meta_reag__c028_001_r01,LOH_SCORE_USE_COMPOUND=1 LOH_SCORE_USE_IRT=1 LOH_USE_SOFTMAX=1 LOH_USE_HEURISTIC_SIGNS=0
meta_reag,compound=1,1,0,0,0,0,1,0,0.368168,0.225523,0.01,0,bestcfg_statecombo_3t_3m_20260207_000001__meta_reag__c028_002_r01,LOH_SCORE_USE_COMPOUND=1 LOH_SCORE_USE_IRT=1 LOH_USE_SOFTMAX=1 LOH_USE_HEURISTIC_SIGNS=0
meta_reag,compound=1,1,0,0,1,0,1,1,0.368204,0.225285,0.01,0,bestcfg_statecombo_3t_3m_20260207_000001__meta_reag__c029_001_r01,LOH_SCORE_USE_COMPOUND=1 LOH_SCORE_USE_IRT=1 LOH_USE_SOFTMAX=1 LOH_USE_HEURISTIC_SIGNS=0
meta_reag,compound=1,1,0,0,1,0,1,0,0.368188,0.225441,0.01,0,bestcfg_statecombo_3t_3m_20260207_000001__meta_reag__c029_002_r01,LOH_SCORE_USE_COMPOUND=1 LOH_SCORE_USE_IRT=1 LOH_USE_SOFTMAX=1 LOH_USE_HEURISTIC_SIGNS=0
meta_reag,compound=1,1,0,0,0,1,1,1,0.368214,0.225022,0.01,0,bestcfg_statecombo_3t_3m_20260207_000001__meta_reag__c030_001_r01,LOH_SCORE_USE_COMPOUND=1 LOH_SCORE_USE_IRT=1 LOH_USE_SOFTMAX=1 LOH_USE_HEURISTIC_SIGNS=0
meta_reag,compound=1,1,0,0,0,1,1,0,0.368144,0.225503,0.01,0,bestcfg_statecombo_3t_3m_20260207_000001__meta_reag__c030_002_r01,LOH_SCORE_USE_COMPOUND=1 LOH_SCORE_USE_IRT=1 LOH_USE_SOFTMAX=1 LOH_USE_HEURISTIC_SIGNS=0
meta_reag,compound=1,1,0,1,0,0,0,1,0.368253,0.224899,0.01,0,bestcfg_statecombo_3t_3m_20260207_000001__meta_reag__c031_001_r01,LOH_SCORE_USE_COMPOUND=1 LOH_SCORE_USE_IRT=1 LOH_USE_SOFTMAX=1 LOH_USE_HEURISTIC_SIGNS=0
meta_reag,compound=1,1,0,1,0,0,0,0,0.368185,0.224951,0.01,0,bestcfg_statecombo_3t_3m_20260207_000001__meta_reag__c031_002_r01,LOH_SCORE_USE_COMPOUND=1 LOH_SCORE_USE_IRT=1 LOH_USE_SOFTMAX=1 LOH_USE_HEURISTIC_SIGNS=0
meta_reag,compound=1,1,0,1,1,0,0,1,0.368253,0.225069,0.01,0,bestcfg_statecombo_3t_3m_20260207_000001__meta_reag__c032_001_r01,LOH_SCORE_USE_COMPOUND=1 LOH_SCORE_USE_IRT=1 LOH_USE_SOFTMAX=1 LOH_USE_HEURISTIC_SIGNS=0
meta_reag,compound=1,1,0,1,1,0,0,0,0.368159,0.225200,0.01,0,bestcfg_statecombo_3t_3m_20260207_000001__meta_reag__c032_002_r01,LOH_SCORE_USE_COMPOUND=1 LOH_SCORE_USE_IRT=1 LOH_USE_SOFTMAX=1 LOH_USE_HEURISTIC_SIGNS=0
meta_reag,compound=1,1,0,1,0,1,0,1,0.368289,0.225501,0.01,0,bestcfg_statecombo_3t_3m_20260207_000001__meta_reag__c033_001_r01,LOH_SCORE_USE_COMPOUND=1 LOH_SCORE_USE_IRT=1 LOH_USE_SOFTMAX=1 LOH_USE_HEURISTIC_SIGNS=0
meta_reag,compound=1,1,0,1,0,1,0,0,0.368188,0.225387,0.01,0,bestcfg_statecombo_3t_3m_20260207_000001__meta_reag__c033_002_r01,LOH_SCORE_USE_COMPOUND=1 LOH_SCORE_USE_IRT=1 LOH_USE_SOFTMAX=1 LOH_USE_HEURISTIC_SIGNS=0
meta_reag,compound=1,1,0,1,0,0,1,1,0.368221,0.225005,0.01,0,bestcfg_statecombo_3t_3m_20260207_000001__meta_reag__c034_001_r01,LOH_SCORE_USE_COMPOUND=1 LOH_SCORE_USE_IRT=1 LOH_USE_SOFTMAX=1 LOH_USE_HEURISTIC_SIGNS=0
meta_reag,compound=1,1,0,1,0,0,1,0,0.368159,0.225193,0.01,0,bestcfg_statecombo_3t_3m_20260207_000001__meta_reag__c034_002_r01,LOH_SCORE_USE_COMPOUND=1 LOH_SCORE_USE_IRT=1 LOH_USE_SOFTMAX=1 LOH_USE_HEURISTIC_SIGNS=0
meta_reag,compound=1,1,0,1,1,0,1,1,0.368253,0.225080,0.01,0,bestcfg_statecombo_3t_3m_20260207_000001__meta_reag__c035_001_r01,LOH_SCORE_USE_COMPOUND=1 LOH_SCORE_USE_IRT=1 LOH_USE_SOFTMAX=1 LOH_USE_HEURISTIC_SIGNS=0
meta_reag,compound=1,1,0,1,1,0,1,0,0.368191,0.225976,0.01,0,bestcfg_statecombo_3t_3m_20260207_000001__meta_reag__c035_002_r01,LOH_SCORE_USE_COMPOUND=1 LOH_SCORE_USE_IRT=1 LOH_USE_SOFTMAX=1 LOH_USE_HEURISTIC_SIGNS=0
meta_reag,compound=1,1,0,1,0,1,1,1,0.368218,0.225332,0.01,0,bestcfg_statecombo_3t_3m_20260207_000001__meta_reag__c036_001_r01,LOH_SCORE_USE_COMPOUND=1 LOH_SCORE_USE_IRT=1 LOH_USE_SOFTMAX=1 LOH_USE_HEURISTIC_SIGNS=0
meta_reag,compound=1,1,0,1,0,1,1,0,0.368138,0.225378,0.01,0,bestcfg_statecombo_3t_3m_20260207_000001__meta_reag__c036_002_r01,LOH_SCORE_USE_COMPOUND=1 LOH_SCORE_USE_IRT=1 LOH_USE_SOFTMAX=1 LOH_USE_HEURISTIC_SIGNS=0
meta_reag,compound=1,1,1,0,0,0,0,1,0.368231,0.225274,0.01,0,bestcfg_statecombo_3t_3m_20260207_000001__meta_reag__c037_001_r01,LOH_SCORE_USE_COMPOUND=1 LOH_SCORE_USE_IRT=1 LOH_USE_SOFTMAX=1 LOH_USE_HEURISTIC_SIGNS=0
meta_reag,compound=1,1,1,0,0,0,0,0,0.368151,0.224811,0.01,0,bestcfg_statecombo_3t_3m_20260207_000001__meta_reag__c037_002_r01,LOH_SCORE_USE_COMPOUND=1 LOH_SCORE_USE_IRT=1 LOH_USE_SOFTMAX=1 LOH_USE_HEURISTIC_SIGNS=0
meta_reag,compound=1,1,1,0,1,0,0,1,0.368207,0.224693,0.01,0,bestcfg_statecombo_3t_3m_20260207_000001__meta_reag__c038_001_r01,LOH_SCORE_USE_COMPOUND=1 LOH_SCORE_USE_IRT=1 LOH_USE_SOFTMAX=1 LOH_USE_HEURISTIC_SIGNS=0
meta_reag,compound=1,1,1,0,1,0,0,0,0.368134,0.225689,0.01,0,bestcfg_statecombo_3t_3m_20260207_000001__meta_reag__c038_002_r01,LOH_SCORE_USE_COMPOUND=1 LOH_SCORE_USE_IRT=1 LOH_USE_SOFTMAX=1 LOH_USE_HEURISTIC_SIGNS=0
meta_reag,compound=1,1,1,0,0,1,0,1,0.368208,0.224682,0.01,0,bestcfg_statecombo_3t_3m_20260207_000001__meta_reag__c039_001_r01,LOH_SCORE_USE_COMPOUND=1 LOH_SCORE_USE_IRT=1 LOH_USE_SOFTMAX=1 LOH_USE_HEURISTIC_SIGNS=0
meta_reag,compound=1,1,1,0,0,1,0,0,0.368184,0.224897,0.01,0,bestcfg_statecombo_3t_3m_20260207_000001__meta_reag__c039_002_r01,LOH_SCORE_USE_COMPOUND=1 LOH_SCORE_USE_IRT=1 LOH_USE_SOFTMAX=1 LOH_USE_HEURISTIC_SIGNS=0
meta_reag,compound=1,1,1,0,0,0,1,1,0.368233,0.225788,0.01,0,bestcfg_statecombo_3t_3m_20260207_000001__meta_reag__c040_001_r01,LOH_SCORE_USE_COMPOUND=1 LOH_SCORE_USE_IRT=1 LOH_USE_SOFTMAX=1 LOH_USE_HEURISTIC_SIGNS=0
meta_reag,compound=1,1,1,0,0,0,1,0,0.368129,0.225381,0.01,0,bestcfg_statecombo_3t_3m_20260207_000001__meta_reag__c040_002_r01,LOH_SCORE_USE_COMPOUND=1 LOH_SCORE_USE_IRT=1 LOH_USE_SOFTMAX=1 LOH_USE_HEURISTIC_SIGNS=0
meta_reag,compound=1,1,1,0,1,0,1,1,0.368238,0.224867,0.01,0,bestcfg_statecombo_3t_3m_20260207_000001__meta_reag__c041_001_r01,LOH_SCORE_USE_COMPOUND=1 LOH_SCORE_USE_IRT=1 LOH_USE_SOFTMAX=1 LOH_USE_HEURISTIC_SIGNS=0
meta_reag,compound=1,1,1,0,1,0,1,0,0.368162,0.224853,0.01,0,bestcfg_statecombo_3t_3m_20260207_000001__meta_reag__c041_002_r01,LOH_SCORE_USE_COMPOUND=1 LOH_SCORE_USE_IRT=1 LOH_USE_SOFTMAX=1 LOH_USE_HEURISTIC_SIGNS=0
meta_reag,compound=1,1,1,0,0,1,1,1,0.368221,0.225005,0.01,0,bestcfg_statecombo_3t_3m_20260207_000001__meta_reag__c042_001_r01,LOH_SCORE_USE_COMPOUND=1 LOH_SCORE_USE_IRT=1 LOH_USE_SOFTMAX=1 LOH_USE_HEURISTIC_SIGNS=0
meta_reag,compound=1,1,1,0,0,1,1,0,0.368158,0.225139,0.01,0,bestcfg_statecombo_3t_3m_20260207_000001__meta_reag__c042_002_r01,LOH_SCORE_USE_COMPOUND=1 LOH_SCORE_USE_IRT=1 LOH_USE_SOFTMAX=1 LOH_USE_HEURISTIC_SIGNS=0
meta_reag,compound=1,1,1,1,0,0,0,1,0.368246,0.225482,0.01,0,bestcfg_statecombo_3t_3m_20260207_000001__meta_reag__c043_001_r01,LOH_SCORE_USE_COMPOUND=1 LOH_SCORE_USE_IRT=1 LOH_USE_SOFTMAX=1 LOH_USE_HEURISTIC_SIGNS=0
meta_reag,compound=1,1,1,1,0,0,0,0,0.368203,0.225791,0.01,0,bestcfg_statecombo_3t_3m_20260207_000001__meta_reag__c043_002_r01,LOH_SCORE_USE_COMPOUND=1 LOH_SCORE_USE_IRT=1 LOH_USE_SOFTMAX=1 LOH_USE_HEURISTIC_SIGNS=0
meta_reag,compound=1,1,1,1,1,0,0,1,0.368245,0.225256,0.01,0,bestcfg_statecombo_3t_3m_20260207_000001__meta_reag__c044_001_r01,LOH_SCORE_USE_COMPOUND=1 LOH_SCORE_USE_IRT=1 LOH_USE_SOFTMAX=1 LOH_USE_HEURISTIC_SIGNS=0
meta_reag,compound=1,1,1,1,1,0,0,0,0.368190,0.225166,0.01,0,bestcfg_statecombo_3t_3m_20260207_000001__meta_reag__c044_002_r01,LOH_SCORE_USE_COMPOUND=1 LOH_SCORE_USE_IRT=1 LOH_USE_SOFTMAX=1 LOH_USE_HEURISTIC_SIGNS=0
meta_reag,compound=1,1,1,1,0,1,0,1,0.368237,0.224789,0.01,0,bestcfg_statecombo_3t_3m_20260207_000001__meta_reag__c045_001_r01,LOH_SCORE_USE_COMPOUND=1 LOH_SCORE_USE_IRT=1 LOH_USE_SOFTMAX=1 LOH_USE_HEURISTIC_SIGNS=0
meta_reag,compound=1,1,1,1,0,1,0,0,0.368186,0.225257,0.01,0,bestcfg_statecombo_3t_3m_20260207_000001__meta_reag__c045_002_r01,LOH_SCORE_USE_COMPOUND=1 LOH_SCORE_USE_IRT=1 LOH_USE_SOFTMAX=1 LOH_USE_HEURISTIC_SIGNS=0
meta_reag,compound=1,1,1,1,0,0,1,1,0.368192,0.225274,0.01,0,bestcfg_statecombo_3t_3m_20260207_000001__meta_reag__c046_001_r01,LOH_SCORE_USE_COMPOUND=1 LOH_SCORE_USE_IRT=1 LOH_USE_SOFTMAX=1 LOH_USE_HEURISTIC_SIGNS=0
meta_reag,compound=1,1,1,1,0,0,1,0,0.368201,0.225068,0.01,0,bestcfg_statecombo_3t_3m_20260207_000001__meta_reag__c046_002_r01,LOH_SCORE_USE_COMPOUND=1 LOH_SCORE_USE_IRT=1 LOH_USE_SOFTMAX=1 LOH_USE_HEURISTIC_SIGNS=0
meta_reag,compound=1,1,1,1,1,0,1,1,0.368260,0.225329,0.01,0,bestcfg_statecombo_3t_3m_20260207_000001__meta_reag__c047_001_r01,LOH_SCORE_USE_COMPOUND=1 LOH_SCORE_USE_IRT=1 LOH_USE_SOFTMAX=1 LOH_USE_HEURISTIC_SIGNS=0
meta_reag,compound=1,1,1,1,1,0,1,0,0.368151,0.225535,0.01,0,bestcfg_statecombo_3t_3m_20260207_000001__meta_reag__c047_002_r01,LOH_SCORE_USE_COMPOUND=1 LOH_SCORE_USE_IRT=1 LOH_USE_SOFTMAX=1 LOH_USE_HEURISTIC_SIGNS=0
meta_reag,compound=1,1,1,1,0,1,1,1,0.368217,0.225167,0.01,0,bestcfg_statecombo_3t_3m_20260207_000001__meta_reag__c048_001_r01,LOH_SCORE_USE_COMPOUND=1 LOH_SCORE_USE_IRT=1 LOH_USE_SOFTMAX=1 LOH_USE_HEURISTIC_SIGNS=0
meta_reag,compound=1,1,1,1,0,1,1,0,0.368145,0.225448,0.01,0,bestcfg_statecombo_3t_3m_20260207_000001__meta_reag__c048_002_r01,LOH_SCORE_USE_COMPOUND=1 LOH_SCORE_USE_IRT=1 LOH_USE_SOFTMAX=1 LOH_USE_HEURISTIC_SIGNS=0
wiki_2019t,"compound=0,irt=0",0,0,0,0,0,0,1,0.594263,0.491287,0.01,0,bestcfg_statecombo_3t_3m_20260207_000001__wiki_2019t__c001_001_r01,LOH_SCORE_USE_COMPOUND=0 LOH_SCORE_USE_IRT=0 LOH_USE_SOFTMAX=1 LOH_USE_HEURISTIC_SIGNS=0
wiki_2019t,"compound=0,irt=0",0,0,0,0,0,0,0,NA,NA,NA,143,bestcfg_statecombo_3t_3m_20260207_000001__wiki_2019t__c001_002_r01,LOH_SCORE_USE_COMPOUND=0 LOH_SCORE_USE_IRT=0 LOH_USE_SOFTMAX=1 LOH_USE_HEURISTIC_SIGNS=0
wiki_2019t,"compound=0,irt=0",0,0,0,1,0,0,1,0.594397,0.491007,0.01,0,bestcfg_statecombo_3t_3m_20260207_000001__wiki_2019t__c002_001_r01,LOH_SCORE_USE_COMPOUND=0 LOH_SCORE_USE_IRT=0 LOH_USE_SOFTMAX=1 LOH_USE_HEURISTIC_SIGNS=0
wiki_2019t,"compound=0,irt=0",0,0,0,1,0,0,0,0.594364,0.491104,0.01,0,bestcfg_statecombo_3t_3m_20260207_000001__wiki_2019t__c002_002_r01,LOH_SCORE_USE_COMPOUND=0 LOH_SCORE_USE_IRT=0 LOH_USE_SOFTMAX=1 LOH_USE_HEURISTIC_SIGNS=0
wiki_2019t,"compound=0,irt=0",0,0,0,0,1,0,1,0.594428,0.491191,0.01,0,bestcfg_statecombo_3t_3m_20260207_000001__wiki_2019t__c003_001_r01,LOH_SCORE_USE_COMPOUND=0 LOH_SCORE_USE_IRT=0 LOH_USE_SOFTMAX=1 LOH_USE_HEURISTIC_SIGNS=0
wiki_2019t,"compound=0,irt=0",0,0,0,0,1,0,0,0.594463,0.490976,0.01,0,bestcfg_statecombo_3t_3m_20260207_000001__wiki_2019t__c003_002_r01,LOH_SCORE_USE_COMPOUND=0 LOH_SCORE_USE_IRT=0 LOH_USE_SOFTMAX=1 LOH_USE_HEURISTIC_SIGNS=0
wiki_2019t,"compound=0,irt=0",0,0,0,0,0,1,1,0.594352,0.491051,0.01,0,bestcfg_statecombo_3t_3m_20260207_000001__wiki_2019t__c004_001_r01,LOH_SCORE_USE_COMPOUND=0 LOH_SCORE_USE_IRT=0 LOH_USE_SOFTMAX=1 LOH_USE_HEURISTIC_SIGNS=0
wiki_2019t,"compound=0,irt=0",0,0,0,0,0,1,0,0.594459,0.491017,0.01,0,bestcfg_statecombo_3t_3m_20260207_000001__wiki_2019t__c004_002_r01,LOH_SCORE_USE_COMPOUND=0 LOH_SCORE_USE_IRT=0 LOH_USE_SOFTMAX=1 LOH_USE_HEURISTIC_SIGNS=0
wiki_2019t,"compound=0,irt=0",0,0,0,1,0,1,1,0.594357,0.490952,0.01,0,bestcfg_statecombo_3t_3m_20260207_000001__wiki_2019t__c005_001_r01,LOH_SCORE_USE_COMPOUND=0 LOH_SCORE_USE_IRT=0 LOH_USE_SOFTMAX=1 LOH_USE_HEURISTIC_SIGNS=0
wiki_2019t,"compound=0,irt=0",0,0,0,1,0,1,0,0.594482,0.491073,0.01,0,bestcfg_statecombo_3t_3m_20260207_000001__wiki_2019t__c005_002_r01,LOH_SCORE_USE_COMPOUND=0 LOH_SCORE_USE_IRT=0 LOH_USE_SOFTMAX=1 LOH_USE_HEURISTIC_SIGNS=0
wiki_2019t,"compound=0,irt=0",0,0,0,0,1,1,1,0.594384,0.491270,0.01,0,bestcfg_statecombo_3t_3m_20260207_000001__wiki_2019t__c006_001_r01,LOH_SCORE_USE_COMPOUND=0 LOH_SCORE_USE_IRT=0 LOH_USE_SOFTMAX=1 LOH_USE_HEURISTIC_SIGNS=0
wiki_2019t,"compound=0,irt=0",0,0,0,0,1,1,0,0.594384,0.491088,0.01,0,bestcfg_statecombo_3t_3m_20260207_000001__wiki_2019t__c006_002_r01,LOH_SCORE_USE_COMPOUND=0 LOH_SCORE_USE_IRT=0 LOH_USE_SOFTMAX=1 LOH_USE_HEURISTIC_SIGNS=0
wiki_2019t,"compound=0,irt=0",0,0,1,0,0,0,1,0.594277,0.491080,0.01,0,bestcfg_statecombo_3t_3m_20260207_000001__wiki_2019t__c007_001_r01,LOH_SCORE_USE_COMPOUND=0 LOH_SCORE_USE_IRT=0 LOH_USE_SOFTMAX=1 LOH_USE_HEURISTIC_SIGNS=0
wiki_2019t,"compound=0,irt=0",0,0,1,0,0,0,0,0.594478,0.491186,0.01,0,bestcfg_statecombo_3t_3m_20260207_000001__wiki_2019t__c007_002_r01,LOH_SCORE_USE_COMPOUND=0 LOH_SCORE_USE_IRT=0 LOH_USE_SOFTMAX=1 LOH_USE_HEURISTIC_SIGNS=0
wiki_2019t,"compound=0,irt=0",0,0,1,1,0,0,1,0.594415,0.491162,0.01,0,bestcfg_statecombo_3t_3m_20260207_000001__wiki_2019t__c008_001_r01,LOH_SCORE_USE_COMPOUND=0 LOH_SCORE_USE_IRT=0 LOH_USE_SOFTMAX=1 LOH_USE_HEURISTIC_SIGNS=0
wiki_2019t,"compound=0,irt=0",0,0,1,1,0,0,0,0.594507,0.490988,0.01,0,bestcfg_statecombo_3t_3m_20260207_000001__wiki_2019t__c008_002_r01,LOH_SCORE_USE_COMPOUND=0 LOH_SCORE_USE_IRT=0 LOH_USE_SOFTMAX=1 LOH_USE_HEURISTIC_SIGNS=0
wiki_2019t,"compound=0,irt=0",0,0,1,0,1,0,1,0.594338,0.491308,0.01,0,bestcfg_statecombo_3t_3m_20260207_000001__wiki_2019t__c009_001_r01,LOH_SCORE_USE_COMPOUND=0 LOH_SCORE_USE_IRT=0 LOH_USE_SOFTMAX=1 LOH_USE_HEURISTIC_SIGNS=0
wiki_2019t,"compound=0,irt=0",0,0,1,0,1,0,0,0.594461,0.491269,0.01,0,bestcfg_statecombo_3t_3m_20260207_000001__wiki_2019t__c009_002_r01,LOH_SCORE_USE_COMPOUND=0 LOH_SCORE_USE_IRT=0 LOH_USE_SOFTMAX=1 LOH_USE_HEURISTIC_SIGNS=0
wiki_2019t,"compound=0,irt=0",0,0,1,0,0,1,1,0.594348,0.491130,0.01,0,bestcfg_statecombo_3t_3m_20260207_000001__wiki_2019t__c010_001_r01,LOH_SCORE_USE_COMPOUND=0 LOH_SCORE_USE_IRT=0 LOH_USE_SOFTMAX=1 LOH_USE_HEURISTIC_SIGNS=0
wiki_2019t,"compound=0,irt=0",0,0,1,0,0,1,0,0.594436,0.490932,0.01,0,bestcfg_statecombo_3t_3m_20260207_000001__wiki_2019t__c010_002_r01,LOH_SCORE_USE_COMPOUND=0 LOH_SCORE_USE_IRT=0 LOH_USE_SOFTMAX=1 LOH_USE_HEURISTIC_SIGNS=0
wiki_2019t,"compound=0,irt=0",0,0,1,1,0,1,1,0.594405,0.491128,0.01,0,bestcfg_statecombo_3t_3m_20260207_000001__wiki_2019t__c011_001_r01,LOH_SCORE_USE_COMPOUND=0 LOH_SCORE_USE_IRT=0 LOH_USE_SOFTMAX=1 LOH_USE_HEURISTIC_SIGNS=0
wiki_2019t,"compound=0,irt=0",0,0,1,1,0,1,0,0.594443,0.490923,0.01,0,bestcfg_statecombo_3t_3m_20260207_000001__wiki_2019t__c011_002_r01,LOH_SCORE_USE_COMPOUND=0 LOH_SCORE_USE_IRT=0 LOH_USE_SOFTMAX=1 LOH_USE_HEURISTIC_SIGNS=0
wiki_2019t,"compound=0,irt=0",0,0,1,0,1,1,1,0.594437,0.491304,0.01,0,bestcfg_statecombo_3t_3m_20260207_000001__wiki_2019t__c012_001_r01,LOH_SCORE_USE_COMPOUND=0 LOH_SCORE_USE_IRT=0 LOH_USE_SOFTMAX=1 LOH_USE_HEURISTIC_SIGNS=0
wiki_2019t,"compound=0,irt=0",0,0,1,0,1,1,0,0.594419,0.490931,0.01,0,bestcfg_statecombo_3t_3m_20260207_000001__wiki_2019t__c012_002_r01,LOH_SCORE_USE_COMPOUND=0 LOH_SCORE_USE_IRT=0 LOH_USE_SOFTMAX=1 LOH_USE_HEURISTIC_SIGNS=0
wiki_2019t,"compound=0,irt=0",0,1,0,0,0,0,1,0.594260,0.491094,0.01,0,bestcfg_statecombo_3t_3m_20260207_000001__wiki_2019t__c013_001_r01,LOH_SCORE_USE_COMPOUND=0 LOH_SCORE_USE_IRT=0 LOH_USE_SOFTMAX=1 LOH_USE_HEURISTIC_SIGNS=0
wiki_2019t,"compound=0,irt=0",0,1,0,0,0,0,0,0.594378,0.491154,0.01,0,bestcfg_statecombo_3t_3m_20260207_000001__wiki_2019t__c013_002_r01,LOH_SCORE_USE_COMPOUND=0 LOH_SCORE_USE_IRT=0 LOH_USE_SOFTMAX=1 LOH_USE_HEURISTIC_SIGNS=0
wiki_2019t,"compound=0,irt=0",0,1,0,1,0,0,1,0.594330,0.491047,0.01,0,bestcfg_statecombo_3t_3m_20260207_000001__wiki_2019t__c014_001_r01,LOH_SCORE_USE_COMPOUND=0 LOH_SCORE_USE_IRT=0 LOH_USE_SOFTMAX=1 LOH_USE_HEURISTIC_SIGNS=0
wiki_2019t,"compound=0,irt=0",0,1,0,1,0,0,0,0.594415,0.491283,0.01,0,bestcfg_statecombo_3t_3m_20260207_000001__wiki_2019t__c014_002_r01,LOH_SCORE_USE_COMPOUND=0 LOH_SCORE_USE_IRT=0 LOH_USE_SOFTMAX=1 LOH_USE_HEURISTIC_SIGNS=0
wiki_2019t,"compound=0,irt=0",0,1,0,0,1,0,1,0.594255,0.491058,0.01,0,bestcfg_statecombo_3t_3m_20260207_000001__wiki_2019t__c015_001_r01,LOH_SCORE_USE_COMPOUND=0 LOH_SCORE_USE_IRT=0 LOH_USE_SOFTMAX=1 LOH_USE_HEURISTIC_SIGNS=0
wiki_2019t,"compound=0,irt=0",0,1,0,0,1,0,0,0.594535,0.491147,0.01,0,bestcfg_statecombo_3t_3m_20260207_000001__wiki_2019t__c015_002_r01,LOH_SCORE_USE_COMPOUND=0 LOH_SCORE_USE_IRT=0 LOH_USE_SOFTMAX=1 LOH_USE_HEURISTIC_SIGNS=0
wiki_2019t,"compound=0,irt=0",0,1,0,0,0,1,1,0.594451,0.490960,0.01,0,bestcfg_statecombo_3t_3m_20260207_000001__wiki_2019t__c016_001_r01,LOH_SCORE_USE_COMPOUND=0 LOH_SCORE_USE_IRT=0 LOH_USE_SOFTMAX=1 LOH_USE_HEURISTIC_SIGNS=0
wiki_2019t,"compound=0,irt=0",0,1,0,0,0,1,0,0.594476,0.491201,0.01,0,bestcfg_statecombo_3t_3m_20260207_000001__wiki_2019t__c016_002_r01,LOH_SCORE_USE_COMPOUND=0 LOH_SCORE_USE_IRT=0 LOH_USE_SOFTMAX=1 LOH_USE_HEURISTIC_SIGNS=0
wiki_2019t,"compound=0,irt=0",0,1,0,1,0,1,1,0.594432,0.490954,0.01,0,bestcfg_statecombo_3t_3m_20260207_000001__wiki_2019t__c017_001_r01,LOH_SCORE_USE_COMPOUND=0 LOH_SCORE_USE_IRT=0 LOH_USE_SOFTMAX=1 LOH_USE_HEURISTIC_SIGNS=0
wiki_2019t,"compound=0,irt=0",0,1,0,1,0,1,0,0.594309,0.490956,0.01,0,bestcfg_statecombo_3t_3m_20260207_000001__wiki_2019t__c017_002_r01,LOH_SCORE_USE_COMPOUND=0 LOH_SCORE_USE_IRT=0 LOH_USE_SOFTMAX=1 LOH_USE_HEURISTIC_SIGNS=0
wiki_2019t,"compound=0,irt=0",0,1,0,0,1,1,1,0.594368,0.491097,0.01,0,bestcfg_statecombo_3t_3m_20260207_000001__wiki_2019t__c018_001_r01,LOH_SCORE_USE_COMPOUND=0 LOH_SCORE_USE_IRT=0 LOH_USE_SOFTMAX=1 LOH_USE_HEURISTIC_SIGNS=0
wiki_2019t,"compound=0,irt=0",0,1,0,0,1,1,0,0.594453,0.490968,0.01,0,bestcfg_statecombo_3t_3m_20260207_000001__wiki_2019t__c018_002_r01,LOH_SCORE_USE_COMPOUND=0 LOH_SCORE_USE_IRT=0 LOH_USE_SOFTMAX=1 LOH_USE_HEURISTIC_SIGNS=0
wiki_2019t,"compound=0,irt=0",0,1,1,0,0,0,1,0.594309,0.490866,0.01,0,bestcfg_statecombo_3t_3m_20260207_000001__wiki_2019t__c019_001_r01,LOH_SCORE_USE_COMPOUND=0 LOH_SCORE_USE_IRT=0 LOH_USE_SOFTMAX=1 LOH_USE_HEURISTIC_SIGNS=0
wiki_2019t,"compound=0,irt=0",0,1,1,0,0,0,0,0.594421,0.491022,0.01,0,bestcfg_statecombo_3t_3m_20260207_000001__wiki_2019t__c019_002_r01,LOH_SCORE_USE_COMPOUND=0 LOH_SCORE_USE_IRT=0 LOH_USE_SOFTMAX=1 LOH_USE_HEURISTIC_SIGNS=0
wiki_2019t,"compound=0,irt=0",0,1,1,1,0,0,1,0.594411,0.490861,0.01,0,bestcfg_statecombo_3t_3m_20260207_000001__wiki_2019t__c020_001_r01,LOH_SCORE_USE_COMPOUND=0 LOH_SCORE_USE_IRT=0 LOH_USE_SOFTMAX=1 LOH_USE_HEURISTIC_SIGNS=0
wiki_2019t,"compound=0,irt=0",0,1,1,1,0,0,0,0.594385,0.491272,0.01,0,bestcfg_statecombo_3t_3m_20260207_000001__wiki_2019t__c020_002_r01,LOH_SCORE_USE_COMPOUND=0 LOH_SCORE_USE_IRT=0 LOH_USE_SOFTMAX=1 LOH_USE_HEURISTIC_SIGNS=0
wiki_2019t,"compound=0,irt=0",0,1,1,0,1,0,1,0.594446,0.491236,0.01,0,bestcfg_statecombo_3t_3m_20260207_000001__wiki_2019t__c021_001_r01,LOH_SCORE_USE_COMPOUND=0 LOH_SCORE_USE_IRT=0 LOH_USE_SOFTMAX=1 LOH_USE_HEURISTIC_SIGNS=0
wiki_2019t,"compound=0,irt=0",0,1,1,0,1,0,0,0.594221,0.490887,0.01,0,bestcfg_statecombo_3t_3m_20260207_000001__wiki_2019t__c021_002_r01,LOH_SCORE_USE_COMPOUND=0 LOH_SCORE_USE_IRT=0 LOH_USE_SOFTMAX=1 LOH_USE_HEURISTIC_SIGNS=0
wiki_2019t,"compound=0,irt=0",0,1,1,0,0,1,1,0.594447,0.490987,0.01,0,bestcfg_statecombo_3t_3m_20260207_000001__wiki_2019t__c022_001_r01,LOH_SCORE_USE_COMPOUND=0 LOH_SCORE_USE_IRT=0 LOH_USE_SOFTMAX=1 LOH_USE_HEURISTIC_SIGNS=0
wiki_2019t,"compound=0,irt=0",0,1,1,0,0,1,0,0.594441,0.490932,0.01,0,bestcfg_statecombo_3t_3m_20260207_000001__wiki_2019t__c022_002_r01,LOH_SCORE_USE_COMPOUND=0 LOH_SCORE_USE_IRT=0 LOH_USE_SOFTMAX=1 LOH_USE_HEURISTIC_SIGNS=0
wiki_2019t,"compound=0,irt=0",0,1,1,1,0,1,1,0.594253,0.490970,0.01,0,bestcfg_statecombo_3t_3m_20260207_000001__wiki_2019t__c023_001_r01,LOH_SCORE_USE_COMPOUND=0 LOH_SCORE_USE_IRT=0 LOH_USE_SOFTMAX=1 LOH_USE_HEURISTIC_SIGNS=0
wiki_2019t,"compound=0,irt=0",0,1,1,1,0,1,0,0.594543,0.491079,0.01,0,bestcfg_statecombo_3t_3m_20260207_000001__wiki_2019t__c023_002_r01,LOH_SCORE_USE_COMPOUND=0 LOH_SCORE_USE_IRT=0 LOH_USE_SOFTMAX=1 LOH_USE_HEURISTIC_SIGNS=0
wiki_2019t,"compound=0,irt=0",0,1,1,0,1,1,1,0.594424,0.491138,0.01,0,bestcfg_statecombo_3t_3m_20260207_000001__wiki_2019t__c024_001_r01,LOH_SCORE_USE_COMPOUND=0 LOH_SCORE_USE_IRT=0 LOH_USE_SOFTMAX=1 LOH_USE_HEURISTIC_SIGNS=0
wiki_2019t,"compound=0,irt=0",0,1,1,0,1,1,0,0.594373,0.490902,0.01,0,bestcfg_statecombo_3t_3m_20260207_000001__wiki_2019t__c024_002_r01,LOH_SCORE_USE_COMPOUND=0 LOH_SCORE_USE_IRT=0 LOH_USE_SOFTMAX=1 LOH_USE_HEURISTIC_SIGNS=0
wiki_2019t,"compound=0,irt=0",1,0,0,0,0,0,1,0.594392,0.491096,0.01,0,bestcfg_statecombo_3t_3m_20260207_000001__wiki_2019t__c025_001_r01,LOH_SCORE_USE_COMPOUND=0 LOH_SCORE_USE_IRT=0 LOH_USE_SOFTMAX=1 LOH_USE_HEURISTIC_SIGNS=0
wiki_2019t,"compound=0,irt=0",1,0,0,0,0,0,0,0.594457,0.491016,0.01,0,bestcfg_statecombo_3t_3m_20260207_000001__wiki_2019t__c025_002_r01,LOH_SCORE_USE_COMPOUND=0 LOH_SCORE_USE_IRT=0 LOH_USE_SOFTMAX=1 LOH_USE_HEURISTIC_SIGNS=0
wiki_2019t,"compound=0,irt=0",1,0,0,1,0,0,1,0.594528,0.491142,0.01,0,bestcfg_statecombo_3t_3m_20260207_000001__wiki_2019t__c026_001_r01,LOH_SCORE_USE_COMPOUND=0 LOH_SCORE_USE_IRT=0 LOH_USE_SOFTMAX=1 LOH_USE_HEURISTIC_SIGNS=0
wiki_2019t,"compound=0,irt=0",1,0,0,1,0,0,0,0.594418,0.490959,0.01,0,bestcfg_statecombo_3t_3m_20260207_000001__wiki_2019t__c026_002_r01,LOH_SCORE_USE_COMPOUND=0 LOH_SCORE_USE_IRT=0 LOH_USE_SOFTMAX=1 LOH_USE_HEURISTIC_SIGNS=0
wiki_2019t,"compound=0,irt=0",1,0,0,0,1,0,1,0.594305,0.490836,0.01,0,bestcfg_statecombo_3t_3m_20260207_000001__wiki_2019t__c027_001_r01,LOH_SCORE_USE_COMPOUND=0 LOH_SCORE_USE_IRT=0 LOH_USE_SOFTMAX=1 LOH_USE_HEURISTIC_SIGNS=0
wiki_2019t,"compound=0,irt=0",1,0,0,0,1,0,0,0.594431,0.491068,0.01,0,bestcfg_statecombo_3t_3m_20260207_000001__wiki_2019t__c027_002_r01,LOH_SCORE_USE_COMPOUND=0 LOH_SCORE_USE_IRT=0 LOH_USE_SOFTMAX=1 LOH_USE_HEURISTIC_SIGNS=0
wiki_2019t,"compound=0,irt=0",1,0,0,0,0,1,1,0.594407,0.491278,0.01,0,bestcfg_statecombo_3t_3m_20260207_000001__wiki_2019t__c028_001_r01,LOH_SCORE_USE_COMPOUND=0 LOH_SCORE_USE_IRT=0 LOH_USE_SOFTMAX=1 LOH_USE_HEURISTIC_SIGNS=0
wiki_2019t,"compound=0,irt=0",1,0,0,0,0,1,0,0.594377,0.491074,0.01,0,bestcfg_statecombo_3t_3m_20260207_000001__wiki_2019t__c028_002_r01,LOH_SCORE_USE_COMPOUND=0 LOH_SCORE_USE_IRT=0 LOH_USE_SOFTMAX=1 LOH_USE_HEURISTIC_SIGNS=0
wiki_2019t,"compound=0,irt=0",1,0,0,1,0,1,1,0.594420,0.490679,0.01,0,bestcfg_statecombo_3t_3m_20260207_000001__wiki_2019t__c029_001_r01,LOH_SCORE_USE_COMPOUND=0 LOH_SCORE_USE_IRT=0 LOH_USE_SOFTMAX=1 LOH_USE_HEURISTIC_SIGNS=0
wiki_2019t,"compound=0,irt=0",1,0,0,1,0,1,0,0.594393,0.491113,0.01,0,bestcfg_statecombo_3t_3m_20260207_000001__wiki_2019t__c029_002_r01,LOH_SCORE_USE_COMPOUND=0 LOH_SCORE_USE_IRT=0 LOH_USE_SOFTMAX=1 LOH_USE_HEURISTIC_SIGNS=0
wiki_2019t,"compound=0,irt=0",1,0,0,0,1,1,1,0.594503,0.491044,0.01,0,bestcfg_statecombo_3t_3m_20260207_000001__wiki_2019t__c030_001_r01,LOH_SCORE_USE_COMPOUND=0 LOH_SCORE_USE_IRT=0 LOH_USE_SOFTMAX=1 LOH_USE_HEURISTIC_SIGNS=0
wiki_2019t,"compound=0,irt=0",1,0,0,0,1,1,0,0.594462,0.490965,0.01,0,bestcfg_statecombo_3t_3m_20260207_000001__wiki_2019t__c030_002_r01,LOH_SCORE_USE_COMPOUND=0 LOH_SCORE_USE_IRT=0 LOH_USE_SOFTMAX=1 LOH_USE_HEURISTIC_SIGNS=0
wiki_2019t,"compound=0,irt=0",1,0,1,0,0,0,1,0.594325,0.491269,0.01,0,bestcfg_statecombo_3t_3m_20260207_000001__wiki_2019t__c031_001_r01,LOH_SCORE_USE_COMPOUND=0 LOH_SCORE_USE_IRT=0 LOH_USE_SOFTMAX=1 LOH_USE_HEURISTIC_SIGNS=0
wiki_2019t,"compound=0,irt=0",1,0,1,0,0,0,0,0.594493,0.491264,0.01,0,bestcfg_statecombo_3t_3m_20260207_000001__wiki_2019t__c031_002_r01,LOH_SCORE_USE_COMPOUND=0 LOH_SCORE_USE_IRT=0 LOH_USE_SOFTMAX=1 LOH_USE_HEURISTIC_SIGNS=0
wiki_2019t,"compound=0,irt=0",1,0,1,1,0,0,1,0.594351,0.490942,0.01,0,bestcfg_statecombo_3t_3m_20260207_000001__wiki_2019t__c032_001_r01,LOH_SCORE_USE_COMPOUND=0 LOH_SCORE_USE_IRT=0 LOH_USE_SOFTMAX=1 LOH_USE_HEURISTIC_SIGNS=0
wiki_2019t,"compound=0,irt=0",1,0,1,1,0,0,0,0.594439,0.490933,0.01,0,bestcfg_statecombo_3t_3m_20260207_000001__wiki_2019t__c032_002_r01,LOH_SCORE_USE_COMPOUND=0 LOH_SCORE_USE_IRT=0 LOH_USE_SOFTMAX=1 LOH_USE_HEURISTIC_SIGNS=0
wiki_2019t,"compound=0,irt=0",1,0,1,0,1,0,1,0.594477,0.491069,0.01,0,bestcfg_statecombo_3t_3m_20260207_000001__wiki_2019t__c033_001_r01,LOH_SCORE_USE_COMPOUND=0 LOH_SCORE_USE_IRT=0 LOH_USE_SOFTMAX=1 LOH_USE_HEURISTIC_SIGNS=0
wiki_2019t,"compound=0,irt=0",1,0,1,0,1,0,0,0.594324,0.491111,0.01,0,bestcfg_statecombo_3t_3m_20260207_000001__wiki_2019t__c033_002_r01,LOH_SCORE_USE_COMPOUND=0 LOH_SCORE_USE_IRT=0 LOH_USE_SOFTMAX=1 LOH_USE_HEURISTIC_SIGNS=0
wiki_2019t,"compound=0,irt=0",1,0,1,0,0,1,1,0.594495,0.491352,0.01,0,bestcfg_statecombo_3t_3m_20260207_000001__wiki_2019t__c034_001_r01,LOH_SCORE_USE_COMPOUND=0 LOH_SCORE_USE_IRT=0 LOH_USE_SOFTMAX=1 LOH_USE_HEURISTIC_SIGNS=0
wiki_2019t,"compound=0,irt=0",1,0,1,0,0,1,0,0.594437,0.490962,0.01,0,bestcfg_statecombo_3t_3m_20260207_000001__wiki_2019t__c034_002_r01,LOH_SCORE_USE_COMPOUND=0 LOH_SCORE_USE_IRT=0 LOH_USE_SOFTMAX=1 LOH_USE_HEURISTIC_SIGNS=0
wiki_2019t,"compound=0,irt=0",1,0,1,1,0,1,1,0.594387,0.490659,0.01,0,bestcfg_statecombo_3t_3m_20260207_000001__wiki_2019t__c035_001_r01,LOH_SCORE_USE_COMPOUND=0 LOH_SCORE_USE_IRT=0 LOH_USE_SOFTMAX=1 LOH_USE_HEURISTIC_SIGNS=0
wiki_2019t,"compound=0,irt=0",1,0,1,1,0,1,0,0.594419,0.490972,0.01,0,bestcfg_statecombo_3t_3m_20260207_000001__wiki_2019t__c035_002_r01,LOH_SCORE_USE_COMPOUND=0 LOH_SCORE_USE_IRT=0 LOH_USE_SOFTMAX=1 LOH_USE_HEURISTIC_SIGNS=0
wiki_2019t,"compound=0,irt=0",1,0,1,0,1,1,1,0.594359,0.491127,0.01,0,bestcfg_statecombo_3t_3m_20260207_000001__wiki_2019t__c036_001_r01,LOH_SCORE_USE_COMPOUND=0 LOH_SCORE_USE_IRT=0 LOH_USE_SOFTMAX=1 LOH_USE_HEURISTIC_SIGNS=0
wiki_2019t,"compound=0,irt=0",1,0,1,0,1,1,0,0.594555,0.490988,0.01,0,bestcfg_statecombo_3t_3m_20260207_000001__wiki_2019t__c036_002_r01,LOH_SCORE_USE_COMPOUND=0 LOH_SCORE_USE_IRT=0 LOH_USE_SOFTMAX=1 LOH_USE_HEURISTIC_SIGNS=0
wiki_2019t,"compound=0,irt=0",1,1,0,0,0,0,1,0.594320,0.491091,0.01,0,bestcfg_statecombo_3t_3m_20260207_000001__wiki_2019t__c037_001_r01,LOH_SCORE_USE_COMPOUND=0 LOH_SCORE_USE_IRT=0 LOH_USE_SOFTMAX=1 LOH_USE_HEURISTIC_SIGNS=0
wiki_2019t,"compound=0,irt=0",1,1,0,0,0,0,0,0.594451,0.491207,0.01,0,bestcfg_statecombo_3t_3m_20260207_000001__wiki_2019t__c037_002_r01,LOH_SCORE_USE_COMPOUND=0 LOH_SCORE_USE_IRT=0 LOH_USE_SOFTMAX=1 LOH_USE_HEURISTIC_SIGNS=0
wiki_2019t,"compound=0,irt=0",1,1,0,1,0,0,1,0.594420,0.491159,0.01,0,bestcfg_statecombo_3t_3m_20260207_000001__wiki_2019t__c038_001_r01,LOH_SCORE_USE_COMPOUND=0 LOH_SCORE_USE_IRT=0 LOH_USE_SOFTMAX=1 LOH_USE_HEURISTIC_SIGNS=0
wiki_2019t,"compound=0,irt=0",1,1,0,1,0,0,0,0.594439,0.490959,0.01,0,bestcfg_statecombo_3t_3m_20260207_000001__wiki_2019t__c038_002_r01,LOH_SCORE_USE_COMPOUND=0 LOH_SCORE_USE_IRT=0 LOH_USE_SOFTMAX=1 LOH_USE_HEURISTIC_SIGNS=0
wiki_2019t,"compound=0,irt=0",1,1,0,0,1,0,1,0.594306,0.491233,0.01,0,bestcfg_statecombo_3t_3m_20260207_000001__wiki_2019t__c039_001_r01,LOH_SCORE_USE_COMPOUND=0 LOH_SCORE_USE_IRT=0 LOH_USE_SOFTMAX=1 LOH_USE_HEURISTIC_SIGNS=0
wiki_2019t,"compound=0,irt=0",1,1,0,0,1,0,0,0.594542,0.491262,0.01,0,bestcfg_statecombo_3t_3m_20260207_000001__wiki_2019t__c039_002_r01,LOH_SCORE_USE_COMPOUND=0 LOH_SCORE_USE_IRT=0 LOH_USE_SOFTMAX=1 LOH_USE_HEURISTIC_SIGNS=0
wiki_2019t,"compound=0,irt=0",1,1,0,0,0,1,1,0.594359,0.491120,0.01,0,bestcfg_statecombo_3t_3m_20260207_000001__wiki_2019t__c040_001_r01,LOH_SCORE_USE_COMPOUND=0 LOH_SCORE_USE_IRT=0 LOH_USE_SOFTMAX=1 LOH_USE_HEURISTIC_SIGNS=0
wiki_2019t,"compound=0,irt=0",1,1,0,0,0,1,0,0.594444,0.490909,0.01,0,bestcfg_statecombo_3t_3m_20260207_000001__wiki_2019t__c040_002_r01,LOH_SCORE_USE_COMPOUND=0 LOH_SCORE_USE_IRT=0 LOH_USE_SOFTMAX=1 LOH_USE_HEURISTIC_SIGNS=0
wiki_2019t,"compound=0,irt=0",1,1,0,1,0,1,1,0.594404,0.491118,0.01,0,bestcfg_statecombo_3t_3m_20260207_000001__wiki_2019t__c041_001_r01,LOH_SCORE_USE_COMPOUND=0 LOH_SCORE_USE_IRT=0 LOH_USE_SOFTMAX=1 LOH_USE_HEURISTIC_SIGNS=0
wiki_2019t,"compound=0,irt=0",1,1,0,1,0,1,0,0.594384,0.490834,0.01,0,bestcfg_statecombo_3t_3m_20260207_000001__wiki_2019t__c041_002_r01,LOH_SCORE_USE_COMPOUND=0 LOH_SCORE_USE_IRT=0 LOH_USE_SOFTMAX=1 LOH_USE_HEURISTIC_SIGNS=0
wiki_2019t,"compound=0,irt=0",1,1,0,0,1,1,1,0.594468,0.491289,0.01,0,bestcfg_statecombo_3t_3m_20260207_000001__wiki_2019t__c042_001_r01,LOH_SCORE_USE_COMPOUND=0 LOH_SCORE_USE_IRT=0 LOH_USE_SOFTMAX=1 LOH_USE_HEURISTIC_SIGNS=0
wiki_2019t,"compound=0,irt=0",1,1,0,0,1,1,0,0.594408,0.490934,0.01,0,bestcfg_statecombo_3t_3m_20260207_000001__wiki_2019t__c042_002_r01,LOH_SCORE_USE_COMPOUND=0 LOH_SCORE_USE_IRT=0 LOH_USE_SOFTMAX=1 LOH_USE_HEURISTIC_SIGNS=0
wiki_2019t,"compound=0,irt=0",1,1,1,0,0,0,1,0.594423,0.491203,0.01,0,bestcfg_statecombo_3t_3m_20260207_000001__wiki_2019t__c043_001_r01,LOH_SCORE_USE_COMPOUND=0 LOH_SCORE_USE_IRT=0 LOH_USE_SOFTMAX=1 LOH_USE_HEURISTIC_SIGNS=0
wiki_2019t,"compound=0,irt=0",1,1,1,0,0,0,0,0.594266,0.490968,0.01,0,bestcfg_statecombo_3t_3m_20260207_000001__wiki_2019t__c043_002_r01,LOH_SCORE_USE_COMPOUND=0 LOH_SCORE_USE_IRT=0 LOH_USE_SOFTMAX=1 LOH_USE_HEURISTIC_SIGNS=0
wiki_2019t,"compound=0,irt=0",1,1,1,1,0,0,1,0.594393,0.491332,0.01,0,bestcfg_statecombo_3t_3m_20260207_000001__wiki_2019t__c044_001_r01,LOH_SCORE_USE_COMPOUND=0 LOH_SCORE_USE_IRT=0 LOH_USE_SOFTMAX=1 LOH_USE_HEURISTIC_SIGNS=0
wiki_2019t,"compound=0,irt=0",1,1,1,1,0,0,0,0.594317,0.491101,0.01,0,bestcfg_statecombo_3t_3m_20260207_000001__wiki_2019t__c044_002_r01,LOH_SCORE_USE_COMPOUND=0 LOH_SCORE_USE_IRT=0 LOH_USE_SOFTMAX=1 LOH_USE_HEURISTIC_SIGNS=0
wiki_2019t,"compound=0,irt=0",1,1,1,0,1,0,1,0.594447,0.490754,0.01,0,bestcfg_statecombo_3t_3m_20260207_000001__wiki_2019t__c045_001_r01,LOH_SCORE_USE_COMPOUND=0 LOH_SCORE_USE_IRT=0 LOH_USE_SOFTMAX=1 LOH_USE_HEURISTIC_SIGNS=0
wiki_2019t,"compound=0,irt=0",1,1,1,0,1,0,0,0.594423,0.491210,0.01,0,bestcfg_statecombo_3t_3m_20260207_000001__wiki_2019t__c045_002_r01,LOH_SCORE_USE_COMPOUND=0 LOH_SCORE_USE_IRT=0 LOH_USE_SOFTMAX=1 LOH_USE_HEURISTIC_SIGNS=0
wiki_2019t,"compound=0,irt=0",1,1,1,0,0,1,1,0.594380,0.491186,0.01,0,bestcfg_statecombo_3t_3m_20260207_000001__wiki_2019t__c046_001_r01,LOH_SCORE_USE_COMPOUND=0 LOH_SCORE_USE_IRT=0 LOH_USE_SOFTMAX=1 LOH_USE_HEURISTIC_SIGNS=0
wiki_2019t,"compound=0,irt=0",1,1,1,0,0,1,0,0.594424,0.490900,0.01,0,bestcfg_statecombo_3t_3m_20260207_000001__wiki_2019t__c046_002_r01,LOH_SCORE_USE_COMPOUND=0 LOH_SCORE_USE_IRT=0 LOH_USE_SOFTMAX=1 LOH_USE_HEURISTIC_SIGNS=0
wiki_2019t,"compound=0,irt=0",1,1,1,1,0,1,1,0.594433,0.491115,0.01,0,bestcfg_statecombo_3t_3m_20260207_000001__wiki_2019t__c047_001_r01,LOH_SCORE_USE_COMPOUND=0 LOH_SCORE_USE_IRT=0 LOH_USE_SOFTMAX=1 LOH_USE_HEURISTIC_SIGNS=0
wiki_2019t,"compound=0,irt=0",1,1,1,1,0,1,0,0.594441,0.490868,0.01,0,bestcfg_statecombo_3t_3m_20260207_000001__wiki_2019t__c047_002_r01,LOH_SCORE_USE_COMPOUND=0 LOH_SCORE_USE_IRT=0 LOH_USE_SOFTMAX=1 LOH_USE_HEURISTIC_SIGNS=0
wiki_2019t,"compound=0,irt=0",1,1,1,0,1,1,1,0.594416,0.491014,0.01,0,bestcfg_statecombo_3t_3m_20260207_000001__wiki_2019t__c048_001_r01,LOH_SCORE_USE_COMPOUND=0 LOH_SCORE_USE_IRT=0 LOH_USE_SOFTMAX=1 LOH_USE_HEURISTIC_SIGNS=0
wiki_2019t,"compound=0,irt=0",1,1,1,0,1,1,0,0.594304,0.491205,0.01,0,bestcfg_statecombo_3t_3m_20260207_000001__wiki_2019t__c048_002_r01,LOH_SCORE_USE_COMPOUND=0 LOH_SCORE_USE_IRT=0 LOH_USE_SOFTMAX=1 LOH_USE_HEURISTIC_SIGNS=0
