4.0K	tmp/20260310-rl_wiki_blocked_0310_113913
4.0K	tmp/20260314-trace_dist_probe_0313
8.0K	tmp/20260311-diag10
8.0K	tmp/20260311-diag11
8.0K	tmp/20260311-diag12
8.0K	tmp/20260311-diag13
8.0K	tmp/20260311-diag14
8.0K	tmp/20260311-diag15
8.0K	tmp/20260311-diag2
8.0K	tmp/20260311-diag3
8.0K	tmp/20260311-diag4
8.0K	tmp/20260311-diag5
8.0K	tmp/20260311-diag6
8.0K	tmp/20260311-diag7
8.0K	tmp/20260311-diag8
8.0K	tmp/20260311-diag9
12K	tmp/20260310-nonblocked36_1063_8m_smoke
12K	tmp/20260310-nonblocked36_wiki_rsc64
12K	tmp/20260310-nonblocked36_wiki_rsc64_v2
12K	tmp/20260311-wiki_rl_decay
12K	tmp/20260311-wiki_rl_nodecay
16K	tmp/20260310-nb36_1063_rsc64
16K	tmp/20260310-nonblocked36_wiki_full
16K	tmp/20260311-1063_async_decay
16K	tmp/20260311-diag16_fix
16K	tmp/20260311-meta_async_decay
16K	tmp/20260311-verify_fix
16K	tmp/20260311-wiki_async_decay
20K	tmp/20260310-nb36_1063_full
20K	tmp/20260310-nb36_1063_log1p1
20K	tmp/20260310-nb36_meta_full
20K	tmp/20260310-nb36_wiki_rsc64
20K	tmp/20260314-adaptive_feature_norm_matrix_0314
20K	tmp/20260314-trace_dist_stats_0314
20K	tmp/20260317-transformq1_orig3_cache0001_0317
24K	tmp/20260310-async_nb_full
28K	tmp/20260314-sec20_matrix_0314_run
32K	tmp/20260318-rl_algo_smoke_sac_dqn_1063_0318
36K	tmp/20260316-1063_bound_effect_0316
40K	tmp/20260310-async_nb_full_v2
40K	tmp/20260313-full_default_netbuf_0313_221624
44K	tmp/20260314-sec20_bestcfg_0314_run
56K	tmp/20260316-penalty_no_penalty_0316
64K	tmp/20260314-sec20_full_matrix_0314_4way_default
68K	tmp/20260319-traceanalyzer
72K	tmp/20260314-sec20_full_matrix_0314_033143
76K	tmp/20260317-log1p_qinput_orig3_cache0001_0317
76K	tmp/20260317-transformq1_orig3_cache01_0317
80K	tmp/20260317-log1p_qinput_4trace_0317
80K	tmp/20260317-transformq0_orig3_cache01_0317
88K	tmp/20260316-hitmiss_lo00_hi100_full_0316
88K	tmp/20260317-transformq0_hitmiss1_orig3_cache01_0317
108K	tmp/20260317-log1p_qinput_276_3trace_0317
124K	tmp/20260316-penalty_ablation_pair_0316
136K	tmp/20260316-bound_extra3_alltraces_0316
148K	tmp/20260318-sac_ex0_orig3_seed42_3407_0318
168K	tmp/20260316-1063_bound_effect_0316_w0
168K	tmp/20260317-log1p_qinput_hitmiss_3trace_0317
172K	tmp/20260316-unified_method_compare_0315
188K	tmp/20260313-full_default_netbuf_full_0313_221815
204K	tmp/20260316-log1p_adaptive_tune_0316
204K	tmp/20260318-transformq0_wobs0_orig3_cache01_0317
208K	tmp/20260318-rl_algo_followup_ppolstm_tqc_orig3_cache01_0318
228K	tmp/20260316-1063_bound_effect_0316_w0_identity
256K	tmp/20260314-sec20_full_matrix_0314_4way
268K	tmp/20260317-adaptive_quantile_input_3trace_0316
304K	tmp/20260318-reward_paths_nondefault_orig3_cache01_0318
384K	tmp/20260315-unified_variants_full_0315
472K	tmp/20260318-rl_algo_exclude_sweep_orig3_cache01_0318
536K	tmp/20260318-transformq0_mrw_sweep_orig3_cache01_0318
664K	tmp/20260312-penalty_sweep
948K	tmp/20260311-diag_test
1.2M	tmp/20260316-unified_three_cfg_0316
1.3M	tmp/20260319-maintenance_indexes
2.6M	tmp/20260318-td3_ex0_lru_lfu_10m_0318
2.6M	tmp/20260318-td3_ex0_retest_0318
8.8M	tmp/20260310-rl_wiki_blocked_0310_113234
11M	tmp/20260319-root_loose_files
12M	tmp/20260318-td3_ex0_retest_full_0318
19M	tmp/20260313-adaptive_budget_orig3_0313_184729
24M	tmp/20260310-rl_wiki_nothreads1_0310_111641
42M	tmp/20260313-phase_ab_0312_223925
2.6G	tmp/20260312-penalty_verify
6.3G	tmp/20260311-batch_0311_020224
